ShortestPairSort;1000;10516;11618
ShortestPairSort;1000;10386;11472
ShortestPairSort;1000;10437;11508
ShortestPairSort;1000;10561;11663
ShortestPairSort;1000;10543;11627
ShortestPairSort;1000;10442;11548
ShortestPairSort;1000;10537;11601
ShortestPairSort;1000;10421;11517
ShortestPairSort;1000;10250;11342
ShortestPairSort;1000;10539;11642
MergeSort;1000;8732;9976
MergeSort;1000;8715;9976
MergeSort;1000;8704;9976
MergeSort;1000;8693;9976
MergeSort;1000;8687;9976
MergeSort;1000;8726;9976
MergeSort;1000;8705;9976
MergeSort;1000;8701;9976
MergeSort;1000;8683;9976
MergeSort;1000;8706;9976
ShortestPairSort;2000;22989;25177
ShortestPairSort;2000;23004;25167
ShortestPairSort;2000;22964;25137
ShortestPairSort;2000;22933;25101
ShortestPairSort;2000;23018;25186
ShortestPairSort;2000;22870;25048
ShortestPairSort;2000;23117;25274
ShortestPairSort;2000;23007;25222
ShortestPairSort;2000;23033;25241
ShortestPairSort;2000;23088;25324
MergeSort;2000;19369;21952
MergeSort;2000;19383;21952
MergeSort;2000;19409;21952
MergeSort;2000;19444;21952
MergeSort;2000;19445;21952
MergeSort;2000;19420;21952
MergeSort;2000;19417;21952
MergeSort;2000;19406;21952
MergeSort;2000;19398;21952
MergeSort;2000;19434;21952
ShortestPairSort;3000;36532;39864
ShortestPairSort;3000;36321;39587
ShortestPairSort;3000;36625;39911
ShortestPairSort;3000;36585;39898
ShortestPairSort;3000;36349;39608
ShortestPairSort;3000;36406;39738
ShortestPairSort;3000;36513;39832
ShortestPairSort;3000;36465;39712
ShortestPairSort;3000;36294;39594
ShortestPairSort;3000;36462;39793
MergeSort;3000;30873;34904
MergeSort;3000;30877;34904
MergeSort;3000;30938;34904
MergeSort;3000;31003;34904
MergeSort;3000;30947;34904
MergeSort;3000;30936;34904
MergeSort;3000;30884;34904
MergeSort;3000;30918;34904
MergeSort;3000;30906;34904
MergeSort;3000;30915;34904
ShortestPairSort;4000;49962;54346
ShortestPairSort;4000;49631;53947
ShortestPairSort;4000;50169;54587
ShortestPairSort;4000;49959;54337
ShortestPairSort;4000;50135;54585
ShortestPairSort;4000;50154;54607
ShortestPairSort;4000;49983;54381
ShortestPairSort;4000;50102;54464
ShortestPairSort;4000;50262;54625
ShortestPairSort;4000;50023;54472
MergeSort;4000;42705;47904
MergeSort;4000;42829;47904
MergeSort;4000;42813;47904
MergeSort;4000;42895;47904
MergeSort;4000;42793;47904
MergeSort;4000;42816;47904
MergeSort;4000;42814;47904
MergeSort;4000;42749;47904
MergeSort;4000;42793;47904
MergeSort;4000;42863;47904
ShortestPairSort;5000;64461;69971
ShortestPairSort;5000;64333;69800
ShortestPairSort;5000;64455;69855
ShortestPairSort;5000;64428;69866
ShortestPairSort;5000;64240;69695
ShortestPairSort;5000;64485;69945
ShortestPairSort;5000;64456;69882
ShortestPairSort;5000;64165;69780
ShortestPairSort;5000;64292;69840
ShortestPairSort;5000;64757;70195
MergeSort;5000;55240;61808
MergeSort;5000;55269;61808
MergeSort;5000;55262;61808
MergeSort;5000;55233;61808
MergeSort;5000;55201;61808
MergeSort;5000;55236;61808
MergeSort;5000;55287;61808
MergeSort;5000;55225;61808
MergeSort;5000;55255;61808
MergeSort;5000;55215;61808
ShortestPairSort;6000;78890;85455
ShortestPairSort;6000;79157;85779
ShortestPairSort;6000;79153;85804
ShortestPairSort;6000;78757;85309
ShortestPairSort;6000;78911;85513
ShortestPairSort;6000;78794;85353
ShortestPairSort;6000;78854;85417
ShortestPairSort;6000;79133;85760
ShortestPairSort;6000;79077;85660
ShortestPairSort;6000;79260;85808
MergeSort;6000;67818;75808
MergeSort;6000;67768;75808
MergeSort;6000;67827;75808
MergeSort;6000;67857;75808
MergeSort;6000;67867;75808
MergeSort;6000;67787;75808
MergeSort;6000;67895;75808
MergeSort;6000;67823;75808
MergeSort;6000;67772;75808
MergeSort;6000;67818;75808
ShortestPairSort;7000;93617;101334
ShortestPairSort;7000;93166;100816
ShortestPairSort;7000;93347;100960
ShortestPairSort;7000;93724;101414
ShortestPairSort;7000;93062;100736
ShortestPairSort;7000;93570;101313
ShortestPairSort;7000;93808;101479
ShortestPairSort;7000;93711;101382
ShortestPairSort;7000;93881;101626
ShortestPairSort;7000;93538;101151
MergeSort;7000;80711;89808
MergeSort;7000;80675;89808
MergeSort;7000;80645;89808
MergeSort;7000;80671;89808
MergeSort;7000;80692;89808
MergeSort;7000;80675;89808
MergeSort;7000;80743;89808
MergeSort;7000;80638;89808
MergeSort;7000;80646;89808
MergeSort;7000;80647;89808
ShortestPairSort;8000;108347;117113
ShortestPairSort;8000;108273;117069
ShortestPairSort;8000;108326;117102
ShortestPairSort;8000;108268;116992
ShortestPairSort;8000;107606;116413
ShortestPairSort;8000;108040;116831
ShortestPairSort;8000;107900;116650
ShortestPairSort;8000;107821;116629
ShortestPairSort;8000;108504;117237
ShortestPairSort;8000;108268;117121
MergeSort;8000;93690;103808
MergeSort;8000;93673;103808
MergeSort;8000;93577;103808
MergeSort;8000;93526;103808
MergeSort;8000;93578;103808
MergeSort;8000;93660;103808
MergeSort;8000;93732;103808
MergeSort;8000;93662;103808
MergeSort;8000;93710;103808
MergeSort;8000;93609;103808
ShortestPairSort;9000;123246;133207
ShortestPairSort;9000;122900;132786
ShortestPairSort;9000;123565;133479
ShortestPairSort;9000;123331;133277
ShortestPairSort;9000;123532;133345
ShortestPairSort;9000;123247;133165
ShortestPairSort;9000;122979;132890
ShortestPairSort;9000;123134;132969
ShortestPairSort;9000;123046;132921
ShortestPairSort;9000;123776;133589
MergeSort;9000;106948;118616
MergeSort;9000;107003;118616
MergeSort;9000;106968;118616
MergeSort;9000;106948;118616
MergeSort;9000;106980;118616
MergeSort;9000;106898;118616
MergeSort;9000;106926;118616
MergeSort;9000;106945;118616
MergeSort;9000;106968;118616
MergeSort;9000;106967;118616
ShortestPairSort;10000;138985;149947
ShortestPairSort;10000;138988;149956
ShortestPairSort;10000;138961;149855
ShortestPairSort;10000;138806;149903
ShortestPairSort;10000;138935;149891
ShortestPairSort;10000;138887;149986
ShortestPairSort;10000;138775;149695
ShortestPairSort;10000;139168;150227
ShortestPairSort;10000;138747;149727
ShortestPairSort;10000;138695;149701
MergeSort;10000;120441;133616
MergeSort;10000;120411;133616
MergeSort;10000;120468;133616
MergeSort;10000;120529;133616
MergeSort;10000;120411;133616
MergeSort;10000;120414;133616
MergeSort;10000;120561;133616
MergeSort;10000;120315;133616
MergeSort;10000;120457;133616
MergeSort;10000;120424;133616
ShortestPairSort;11000;154586;166723
ShortestPairSort;11000;154585;166644
ShortestPairSort;11000;154881;166938
ShortestPairSort;11000;154754;166889
ShortestPairSort;11000;155006;167017
ShortestPairSort;11000;154162;166170
ShortestPairSort;11000;155011;167183
ShortestPairSort;11000;154285;166479
ShortestPairSort;11000;154818;166973
ShortestPairSort;11000;154444;166551
MergeSort;11000;133993;148616
MergeSort;11000;134059;148616
MergeSort;11000;134025;148616
MergeSort;11000;134028;148616
MergeSort;11000;134108;148616
MergeSort;11000;134030;148616
MergeSort;11000;133992;148616
MergeSort;11000;134102;148616
MergeSort;11000;134053;148616
MergeSort;11000;134137;148616
ShortestPairSort;12000;170330;183483
ShortestPairSort;12000;169851;183007
ShortestPairSort;12000;169580;182734
ShortestPairSort;12000;170013;183224
ShortestPairSort;12000;169576;182713
ShortestPairSort;12000;169965;183070
ShortestPairSort;12000;169735;182834
ShortestPairSort;12000;169862;183128
ShortestPairSort;12000;170547;183691
ShortestPairSort;12000;170003;183260
MergeSort;12000;147587;163616
MergeSort;12000;147655;163616
MergeSort;12000;147739;163616
MergeSort;12000;147636;163616
MergeSort;12000;147664;163616
MergeSort;12000;147645;163616
MergeSort;12000;147592;163616
MergeSort;12000;147629;163616
MergeSort;12000;147590;163616
MergeSort;12000;147669;163616
ShortestPairSort;13000;185028;199322
ShortestPairSort;13000;185413;199604
ShortestPairSort;13000;185111;199429
ShortestPairSort;13000;185868;200211
ShortestPairSort;13000;185190;199424
ShortestPairSort;13000;185568;199885
ShortestPairSort;13000;185475;199675
ShortestPairSort;13000;185716;200127
ShortestPairSort;13000;185217;199560
ShortestPairSort;13000;185782;200045
MergeSort;13000;161507;178616
MergeSort;13000;161456;178616
MergeSort;13000;161433;178616
MergeSort;13000;161451;178616
MergeSort;13000;161446;178616
MergeSort;13000;161471;178616
MergeSort;13000;161528;178616
MergeSort;13000;161493;178616
MergeSort;13000;161471;178616
MergeSort;13000;161481;178616
ShortestPairSort;14000;200937;216404
ShortestPairSort;14000;201612;216924
ShortestPairSort;14000;201514;216928
ShortestPairSort;14000;201066;216477
ShortestPairSort;14000;200839;216049
ShortestPairSort;14000;201303;216742
ShortestPairSort;14000;201357;216800
ShortestPairSort;14000;201516;216940
ShortestPairSort;14000;201369;216658
ShortestPairSort;14000;200709;216201
MergeSort;14000;175350;193616
MergeSort;14000;175242;193616
MergeSort;14000;175489;193616
MergeSort;14000;175329;193616
MergeSort;14000;175400;193616
MergeSort;14000;175362;193616
MergeSort;14000;175381;193616
MergeSort;14000;175326;193616
MergeSort;14000;175371;193616
MergeSort;14000;175401;193616
ShortestPairSort;15000;216564;233043
ShortestPairSort;15000;216769;233376
ShortestPairSort;15000;216784;233219
ShortestPairSort;15000;215943;232319
ShortestPairSort;15000;216889;233363
ShortestPairSort;15000;216360;232970
ShortestPairSort;15000;216623;233076
ShortestPairSort;15000;216318;232874
ShortestPairSort;15000;217084;233622
ShortestPairSort;15000;216679;233073
MergeSort;15000;189329;208616
MergeSort;15000;189265;208616
MergeSort;15000;189344;208616
MergeSort;15000;189296;208616
MergeSort;15000;189214;208616
MergeSort;15000;189324;208616
MergeSort;15000;189288;208616
MergeSort;15000;189249;208616
MergeSort;15000;189303;208616
MergeSort;15000;189370;208616
ShortestPairSort;16000;232200;249881
ShortestPairSort;16000;231893;249484
ShortestPairSort;16000;232828;250386
ShortestPairSort;16000;232085;249706
ShortestPairSort;16000;231806;249400
ShortestPairSort;16000;231708;249264
ShortestPairSort;16000;231651;249256
ShortestPairSort;16000;231857;249364
ShortestPairSort;16000;232045;249757
ShortestPairSort;16000;232026;249683
MergeSort;16000;203288;223616
MergeSort;16000;203327;223616
MergeSort;16000;203153;223616
MergeSort;16000;203285;223616
MergeSort;16000;203310;223616
MergeSort;16000;203220;223616
MergeSort;16000;203152;223616
MergeSort;16000;203257;223616
MergeSort;16000;203264;223616
MergeSort;16000;203266;223616
ShortestPairSort;17000;248790;267455
ShortestPairSort;17000;248184;266848
ShortestPairSort;17000;248022;266727
ShortestPairSort;17000;247639;266279
ShortestPairSort;17000;248847;267531
ShortestPairSort;17000;248054;266777
ShortestPairSort;17000;248144;266715
ShortestPairSort;17000;248393;267041
ShortestPairSort;17000;248053;266736
ShortestPairSort;17000;248491;267036
MergeSort;17000;217553;239232
MergeSort;17000;217547;239232
MergeSort;17000;217581;239232
MergeSort;17000;217512;239232
MergeSort;17000;217574;239232
MergeSort;17000;217507;239232
MergeSort;17000;217574;239232
MergeSort;17000;217430;239232
MergeSort;17000;217530;239232
MergeSort;17000;217510;239232
ShortestPairSort;18000;264432;284208
ShortestPairSort;18000;264818;284614
ShortestPairSort;18000;264851;284660
ShortestPairSort;18000;264286;284085
ShortestPairSort;18000;265032;284858
ShortestPairSort;18000;264882;284870
ShortestPairSort;18000;264450;284234
ShortestPairSort;18000;265106;284863
ShortestPairSort;18000;264617;284329
ShortestPairSort;18000;263942;283693
MergeSort;18000;231970;255232
MergeSort;18000;231842;255232
MergeSort;18000;231890;255232
MergeSort;18000;231802;255232
MergeSort;18000;231795;255232
MergeSort;18000;231980;255232
MergeSort;18000;232040;255232
MergeSort;18000;231850;255232
MergeSort;18000;231930;255232
MergeSort;18000;231896;255232
ShortestPairSort;19000;281463;302295
ShortestPairSort;19000;280533;301512
ShortestPairSort;19000;281342;302235
ShortestPairSort;19000;281341;302374
ShortestPairSort;19000;281429;302438
ShortestPairSort;19000;280997;301863
ShortestPairSort;19000;281303;302107
ShortestPairSort;19000;281340;302353
ShortestPairSort;19000;281491;302224
ShortestPairSort;19000;280819;301765
MergeSort;19000;246365;271232
MergeSort;19000;246367;271232
MergeSort;19000;246519;271232
MergeSort;19000;246316;271232
MergeSort;19000;246490;271232
MergeSort;19000;246475;271232
MergeSort;19000;246279;271232
MergeSort;19000;246510;271232
MergeSort;19000;246360;271232
MergeSort;19000;246425;271232
ShortestPairSort;20000;297108;319053
ShortestPairSort;20000;298200;320270
ShortestPairSort;20000;297877;319776
ShortestPairSort;20000;297541;319447
ShortestPairSort;20000;297601;319510
ShortestPairSort;20000;297787;319730
ShortestPairSort;20000;298029;319862
ShortestPairSort;20000;297680;319668
ShortestPairSort;20000;298398;320334
ShortestPairSort;20000;297876;319825
MergeSort;20000;260805;287232
MergeSort;20000;260974;287232
MergeSort;20000;260834;287232
MergeSort;20000;260965;287232
MergeSort;20000;260795;287232
MergeSort;20000;260810;287232
MergeSort;20000;260926;287232
MergeSort;20000;260859;287232
MergeSort;20000;260834;287232
MergeSort;20000;260847;287232
ShortestPairSort;21000;313935;336737
ShortestPairSort;21000;314250;337309
ShortestPairSort;21000;314472;337632
ShortestPairSort;21000;314161;337214
ShortestPairSort;21000;314448;337427
ShortestPairSort;21000;315060;338048
ShortestPairSort;21000;314086;337175
ShortestPairSort;21000;314220;337302
ShortestPairSort;21000;314778;337825
ShortestPairSort;21000;313901;337031
MergeSort;21000;275303;303232
MergeSort;21000;275225;303232
MergeSort;21000;275483;303232
MergeSort;21000;275453;303232
MergeSort;21000;275493;303232
MergeSort;21000;275466;303232
MergeSort;21000;275352;303232
MergeSort;21000;275548;303232
MergeSort;21000;275279;303232
MergeSort;21000;275477;303232
ShortestPairSort;22000;329980;354117
ShortestPairSort;22000;330883;355077
ShortestPairSort;22000;330755;354964
ShortestPairSort;22000;331423;355579
ShortestPairSort;22000;331453;355540
ShortestPairSort;22000;330413;354637
ShortestPairSort;22000;331135;355360
ShortestPairSort;22000;330587;354835
ShortestPairSort;22000;330688;354723
ShortestPairSort;22000;330791;355012
MergeSort;22000;290110;319232
MergeSort;22000;290024;319232
MergeSort;22000;290050;319232
MergeSort;22000;290037;319232
MergeSort;22000;290091;319232
MergeSort;22000;290262;319232
MergeSort;22000;289964;319232
MergeSort;22000;290211;319232
MergeSort;22000;289977;319232
MergeSort;22000;290051;319232
ShortestPairSort;23000;347666;372884
ShortestPairSort;23000;347188;372490
ShortestPairSort;23000;347879;373055
ShortestPairSort;23000;347037;372444
ShortestPairSort;23000;347207;372321
ShortestPairSort;23000;348079;373372
ShortestPairSort;23000;347447;372743
ShortestPairSort;23000;347362;372631
ShortestPairSort;23000;347550;372852
ShortestPairSort;23000;346964;372301
MergeSort;23000;304696;335232
MergeSort;23000;304712;335232
MergeSort;23000;304651;335232
MergeSort;23000;304833;335232
MergeSort;23000;304714;335232
MergeSort;23000;304794;335232
MergeSort;23000;304593;335232
MergeSort;23000;304582;335232
MergeSort;23000;304780;335232
MergeSort;23000;304768;335232
ShortestPairSort;24000;363679;390175
ShortestPairSort;24000;363409;389828
ShortestPairSort;24000;363501;389815
ShortestPairSort;24000;363207;389583
ShortestPairSort;24000;363846;390231
ShortestPairSort;24000;363617;390031
ShortestPairSort;24000;363601;390115
ShortestPairSort;24000;364069;390533
ShortestPairSort;24000;363258;389584
ShortestPairSort;24000;363906;390269
MergeSort;24000;319379;351232
MergeSort;24000;319275;351232
MergeSort;24000;319374;351232
MergeSort;24000;319375;351232
MergeSort;24000;319394;351232
MergeSort;24000;319328;351232
MergeSort;24000;319257;351232
MergeSort;24000;319345;351232
MergeSort;24000;319285;351232
MergeSort;24000;319300;351232
ShortestPairSort;25000;380532;407977
ShortestPairSort;25000;380608;408124
ShortestPairSort;25000;380123;407695
ShortestPairSort;25000;380547;407757
ShortestPairSort;25000;380535;407978
ShortestPairSort;25000;380423;407918
ShortestPairSort;25000;379440;406695
ShortestPairSort;25000;381044;408407
ShortestPairSort;25000;380411;407836
ShortestPairSort;25000;380300;407884
MergeSort;25000;334103;367232
MergeSort;25000;334195;367232
MergeSort;25000;334244;367232
MergeSort;25000;334078;367232
MergeSort;25000;334069;367232
MergeSort;25000;334106;367232
MergeSort;25000;334090;367232
MergeSort;25000;334064;367232
MergeSort;25000;334182;367232
MergeSort;25000;334074;367232
ShortestPairSort;26000;396274;424957
ShortestPairSort;26000;397396;426078
ShortestPairSort;26000;396751;425290
ShortestPairSort;26000;396556;425152
ShortestPairSort;26000;396599;425140
ShortestPairSort;26000;396655;425188
ShortestPairSort;26000;396895;425490
ShortestPairSort;26000;397409;426089
ShortestPairSort;26000;397442;426107
ShortestPairSort;26000;396992;425441
MergeSort;26000;349073;383232
MergeSort;26000;348904;383232
MergeSort;26000;348857;383232
MergeSort;26000;348901;383232
MergeSort;26000;349014;383232
MergeSort;26000;349010;383232
MergeSort;26000;348885;383232
MergeSort;26000;349115;383232
MergeSort;26000;348753;383232
MergeSort;26000;348955;383232
ShortestPairSort;27000;413200;442841
ShortestPairSort;27000;413624;443173
ShortestPairSort;27000;413672;443238
ShortestPairSort;27000;413510;443397
ShortestPairSort;27000;413286;443027
ShortestPairSort;27000;414032;443743
ShortestPairSort;27000;413625;443277
ShortestPairSort;27000;412967;442423
ShortestPairSort;27000;412501;442090
ShortestPairSort;27000;412609;442330
MergeSort;27000;363853;399232
MergeSort;27000;363812;399232
MergeSort;27000;363903;399232
MergeSort;27000;363970;399232
MergeSort;27000;363842;399232
MergeSort;27000;363748;399232
MergeSort;27000;363879;399232
MergeSort;27000;363883;399232
MergeSort;27000;363782;399232
MergeSort;27000;363900;399232
ShortestPairSort;28000;429579;460451
ShortestPairSort;28000;430023;460684
ShortestPairSort;28000;428806;459554
ShortestPairSort;28000;429898;460761
ShortestPairSort;28000;430054;460917
ShortestPairSort;28000;430316;461096
ShortestPairSort;28000;430328;460945
ShortestPairSort;28000;429268;460004
ShortestPairSort;28000;429707;460386
ShortestPairSort;28000;430606;461367
MergeSort;28000;378660;415232
MergeSort;28000;378882;415232
MergeSort;28000;378834;415232
MergeSort;28000;378744;415232
MergeSort;28000;378673;415232
MergeSort;28000;378762;415232
MergeSort;28000;378721;415232
MergeSort;28000;378679;415232
MergeSort;28000;378799;415232
MergeSort;28000;378823;415232
ShortestPairSort;29000;446766;478608
ShortestPairSort;29000;445683;477550
ShortestPairSort;29000;446614;478557
ShortestPairSort;29000;446024;477839
ShortestPairSort;29000;446126;477957
ShortestPairSort;29000;446795;478650
ShortestPairSort;29000;446380;478146
ShortestPairSort;29000;446725;478673
ShortestPairSort;29000;445972;477958
ShortestPairSort;29000;446660;478459
MergeSort;29000;393496;431232
MergeSort;29000;393663;431232
MergeSort;29000;393552;431232
MergeSort;29000;393687;431232
MergeSort;29000;393430;431232
MergeSort;29000;393595;431232
MergeSort;29000;393631;431232
MergeSort;29000;393626;431232
MergeSort;29000;393769;431232
MergeSort;29000;393744;431232
ShortestPairSort;30000;463359;496133
ShortestPairSort;30000;463230;496427
ShortestPairSort;30000;463665;496670
ShortestPairSort;30000;464102;497059
ShortestPairSort;30000;463467;496509
ShortestPairSort;30000;463271;496307
ShortestPairSort;30000;463540;496346
ShortestPairSort;30000;462725;495719
ShortestPairSort;30000;462767;495746
ShortestPairSort;30000;462646;495754
MergeSort;30000;408472;447232
MergeSort;30000;408670;447232
MergeSort;30000;408510;447232
MergeSort;30000;408411;447232
MergeSort;30000;408691;447232
MergeSort;30000;408659;447232
MergeSort;30000;408487;447232
MergeSort;30000;408611;447232
MergeSort;30000;408558;447232
MergeSort;30000;408608;447232
ShortestPairSort;31000;479181;513199
ShortestPairSort;31000;479306;513400
ShortestPairSort;31000;478571;512645
ShortestPairSort;31000;480012;514047
ShortestPairSort;31000;480162;514120
ShortestPairSort;31000;479451;513430
ShortestPairSort;31000;479921;514007
ShortestPairSort;31000;480024;514058
ShortestPairSort;31000;479434;513503
ShortestPairSort;31000;479897;513869
MergeSort;31000;423516;463232
MergeSort;31000;423476;463232
MergeSort;31000;423505;463232
MergeSort;31000;423579;463232
MergeSort;31000;423592;463232
MergeSort;31000;423622;463232
MergeSort;31000;423627;463232
MergeSort;31000;423598;463232
MergeSort;31000;423592;463232
MergeSort;31000;423652;463232
ShortestPairSort;32000;496360;531574
ShortestPairSort;32000;496177;531441
ShortestPairSort;32000;496093;531307
ShortestPairSort;32000;495885;530931
ShortestPairSort;32000;495871;531053
ShortestPairSort;32000;496366;531499
ShortestPairSort;32000;496472;531576
ShortestPairSort;32000;495972;531172
ShortestPairSort;32000;496144;531263
ShortestPairSort;32000;497068;532178
MergeSort;32000;438412;479232
MergeSort;32000;438766;479232
MergeSort;32000;438847;479232
MergeSort;32000;438621;479232
MergeSort;32000;438552;479232
MergeSort;32000;438572;479232
MergeSort;32000;438737;479232
MergeSort;32000;438487;479232
MergeSort;32000;438298;479232
MergeSort;32000;438457;479232
ShortestPairSort;33000;513024;549356
ShortestPairSort;33000;513381;549618
ShortestPairSort;33000;512980;549348
ShortestPairSort;33000;513487;549663
ShortestPairSort;33000;512696;549125
ShortestPairSort;33000;512569;548757
ShortestPairSort;33000;512947;549101
ShortestPairSort;33000;511705;547860
ShortestPairSort;33000;512881;548840
ShortestPairSort;33000;513088;549317
MergeSort;33000;453697;495464
MergeSort;33000;453582;495464
MergeSort;33000;453529;495464
MergeSort;33000;453620;495464
MergeSort;33000;453612;495464
MergeSort;33000;453753;495464
MergeSort;33000;453718;495464
MergeSort;33000;453730;495464
MergeSort;33000;453582;495464
MergeSort;33000;453564;495464
ShortestPairSort;34000;531146;568369
ShortestPairSort;34000;530431;567713
ShortestPairSort;34000;529397;566749
ShortestPairSort;34000;530643;568034
ShortestPairSort;34000;530434;567942
ShortestPairSort;34000;529242;566669
ShortestPairSort;34000;530001;567713
ShortestPairSort;34000;530880;568429
ShortestPairSort;34000;530988;568290
ShortestPairSort;34000;530254;567743
MergeSort;34000;468960;512464
MergeSort;34000;469167;512464
MergeSort;34000;469002;512464
MergeSort;34000;469082;512464
MergeSort;34000;469230;512464
MergeSort;34000;469166;512464
MergeSort;34000;469171;512464
MergeSort;34000;469099;512464
MergeSort;34000;468988;512464
MergeSort;34000;468963;512464
ShortestPairSort;35000;548350;586878
ShortestPairSort;35000;548117;586483
ShortestPairSort;1000;10411;11543
ShortestPairSort;1000;10531;11610
ShortestPairSort;1000;10495;11596
ShortestPairSort;1000;10220;11302
ShortestPairSort;1000;10340;11429
ShortestPairSort;1000;10529;11632
ShortestPairSort;1000;10554;11695
ShortestPairSort;1000;10429;11538
ShortestPairSort;1000;10505;11607
ShortestPairSort;1000;10466;11546
MergeSort;1000;8695;19952
MergeSort;1000;8707;19952
MergeSort;1000;8704;19952
MergeSort;1000;8717;19952
MergeSort;1000;8735;19952
MergeSort;1000;8701;19952
MergeSort;1000;8696;19952
MergeSort;1000;8670;19952
MergeSort;1000;8730;19952
MergeSort;1000;8691;19952
ShortestPairSort;2000;23056;25254
ShortestPairSort;2000;23183;25401
ShortestPairSort;2000;23041;25279
ShortestPairSort;2000;22896;25067
ShortestPairSort;2000;22842;25050
ShortestPairSort;2000;23079;25283
ShortestPairSort;2000;23168;25377
ShortestPairSort;2000;22920;25105
ShortestPairSort;2000;23025;25266
ShortestPairSort;2000;22995;25186
MergeSort;2000;19406;43904
MergeSort;2000;19427;43904
MergeSort;2000;19401;43904
MergeSort;2000;19423;43904
MergeSort;2000;19411;43904
MergeSort;2000;19419;43904
MergeSort;2000;19405;43904
MergeSort;2000;19434;43904
MergeSort;2000;19479;43904
MergeSort;2000;19365;43904
ShortestPairSort;3000;36448;39727
ShortestPairSort;3000;36585;39867
ShortestPairSort;3000;36369;39655
ShortestPairSort;3000;36613;39961
ShortestPairSort;3000;36454;39755
ShortestPairSort;3000;36260;39578
ShortestPairSort;3000;36586;39880
ShortestPairSort;3000;36235;39542
ShortestPairSort;3000;36380;39670
ShortestPairSort;3000;36503;39792
MergeSort;3000;30908;69808
MergeSort;3000;30910;69808
MergeSort;3000;30943;69808
MergeSort;3000;30912;69808
MergeSort;3000;30987;69808
MergeSort;3000;30851;69808
MergeSort;3000;30893;69808
MergeSort;3000;30945;69808
MergeSort;3000;30937;69808
MergeSort;3000;30873;69808
ShortestPairSort;4000;50069;54460
ShortestPairSort;4000;50043;54470
ShortestPairSort;4000;50103;54483
ShortestPairSort;4000;50025;54394
ShortestPairSort;4000;50444;54808
ShortestPairSort;4000;49980;54376
ShortestPairSort;4000;49952;54305
ShortestPairSort;4000;50051;54444
ShortestPairSort;4000;49856;54255
ShortestPairSort;4000;50082;54502
MergeSort;4000;42861;95808
MergeSort;4000;42806;95808
MergeSort;4000;42800;95808
MergeSort;4000;42825;95808
MergeSort;4000;42747;95808
MergeSort;4000;42826;95808
MergeSort;4000;42875;95808
MergeSort;4000;42901;95808
MergeSort;4000;42865;95808
MergeSort;4000;42869;95808
ShortestPairSort;5000;64116;69624
ShortestPairSort;5000;64555;70053
ShortestPairSort;5000;63901;69402
ShortestPairSort;5000;64475;69973
ShortestPairSort;5000;64411;69855
ShortestPairSort;5000;64538;70036
ShortestPairSort;5000;64492;69934
ShortestPairSort;5000;64305;69739
ShortestPairSort;5000;64535;70089
ShortestPairSort;5000;64537;70064
MergeSort;5000;55197;123616
MergeSort;5000;55204;123616
MergeSort;5000;55194;123616
MergeSort;5000;55271;123616
MergeSort;5000;55281;123616
MergeSort;5000;55252;123616
MergeSort;5000;55187;123616
MergeSort;5000;55220;123616
MergeSort;5000;55220;123616
MergeSort;5000;55281;123616
ShortestPairSort;6000;78740;85316
ShortestPairSort;6000;79444;86037
ShortestPairSort;6000;79191;85816
ShortestPairSort;6000;79260;85881
ShortestPairSort;6000;79166;85708
ShortestPairSort;6000;78844;85407
ShortestPairSort;6000;78902;85537
ShortestPairSort;6000;78969;85652
ShortestPairSort;6000;78633;85223
ShortestPairSort;6000;79192;85739
MergeSort;6000;67913;151616
MergeSort;6000;67761;151616
MergeSort;6000;67902;151616
MergeSort;6000;67831;151616
MergeSort;6000;67806;151616
MergeSort;6000;67857;151616
MergeSort;6000;67791;151616
MergeSort;6000;67816;151616
MergeSort;6000;67782;151616
MergeSort;6000;67796;151616
ShortestPairSort;7000;93695;101441
ShortestPairSort;7000;93381;101173
ShortestPairSort;7000;93357;100997
ShortestPairSort;7000;93191;100869
ShortestPairSort;7000;93814;101562
ShortestPairSort;7000;92991;100599
ShortestPairSort;7000;93772;101446
ShortestPairSort;7000;93350;101091
ShortestPairSort;7000;93737;101432
ShortestPairSort;7000;93482;101143
MergeSort;7000;80690;179616
MergeSort;7000;80592;179616
MergeSort;7000;80717;179616
MergeSort;7000;80760;179616
MergeSort;7000;80689;179616
MergeSort;7000;80677;179616
MergeSort;7000;80709;179616
MergeSort;7000;80747;179616
MergeSort;7000;80755;179616
MergeSort;7000;80627;179616
ShortestPairSort;8000;107637;116422
ShortestPairSort;8000;107885;116735
ShortestPairSort;8000;107667;116374
ShortestPairSort;8000;108237;117002
ShortestPairSort;8000;107840;116715
ShortestPairSort;8000;108254;117028
ShortestPairSort;8000;108117;116917
ShortestPairSort;8000;107506;116220
ShortestPairSort;8000;108022;116840
ShortestPairSort;8000;107971;116658
MergeSort;8000;93621;207616
MergeSort;8000;93730;207616
MergeSort;8000;93674;207616
MergeSort;8000;93694;207616
MergeSort;8000;93672;207616
MergeSort;8000;93685;207616
MergeSort;8000;93593;207616
MergeSort;8000;93611;207616
MergeSort;8000;93602;207616
MergeSort;8000;93493;207616
ShortestPairSort;9000;123633;133597
ShortestPairSort;9000;123000;132803
ShortestPairSort;9000;123084;132938
ShortestPairSort;9000;123525;133439
ShortestPairSort;9000;123357;133199
ShortestPairSort;9000;123677;133671
ShortestPairSort;9000;123301;133201
ShortestPairSort;9000;123381;133274
ShortestPairSort;9000;123332;133131
ShortestPairSort;9000;123730;133572
MergeSort;9000;106978;237232
MergeSort;9000;106994;237232
MergeSort;9000;106887;237232
MergeSort;9000;106948;237232
MergeSort;9000;107070;237232
MergeSort;9000;106907;237232
MergeSort;9000;106885;237232
MergeSort;9000;107028;237232
MergeSort;9000;106898;237232
MergeSort;9000;107080;237232
ShortestPairSort;10000;138482;149457
ShortestPairSort;10000;138238;149147
ShortestPairSort;10000;138894;149878
ShortestPairSort;10000;138453;149451
ShortestPairSort;10000;138708;149731
ShortestPairSort;10000;138875;149814
ShortestPairSort;10000;138653;149699
ShortestPairSort;10000;138847;149780
ShortestPairSort;10000;139139;150091
ShortestPairSort;10000;138654;149599
MergeSort;10000;120630;267232
MergeSort;10000;120471;267232
MergeSort;10000;120475;267232
MergeSort;10000;120481;267232
MergeSort;10000;120431;267232
MergeSort;10000;120475;267232
MergeSort;10000;120321;267232
MergeSort;10000;120365;267232
MergeSort;10000;120488;267232
MergeSort;10000;120383;267232
ShortestPairSort;11000;154941;167070
ShortestPairSort;11000;154232;166353
ShortestPairSort;11000;154517;166617
ShortestPairSort;11000;154307;166366
ShortestPairSort;11000;154486;166612
ShortestPairSort;11000;154236;166355
ShortestPairSort;11000;154382;166523
ShortestPairSort;11000;153969;165998
ShortestPairSort;11000;154412;166564
ShortestPairSort;11000;154574;166673
MergeSort;11000;133849;297232
MergeSort;11000;134025;297232
MergeSort;11000;133934;297232
MergeSort;11000;134115;297232
MergeSort;11000;133997;297232
MergeSort;11000;134054;297232
MergeSort;11000;133980;297232
MergeSort;11000;134052;297232
MergeSort;11000;134126;297232
MergeSort;11000;134041;297232
ShortestPairSort;12000;169916;183141
ShortestPairSort;12000;169266;182466
ShortestPairSort;12000;170047;183185
ShortestPairSort;12000;169684;182874
ShortestPairSort;12000;170174;183366
ShortestPairSort;12000;169983;183215
ShortestPairSort;12000;170277;183485
ShortestPairSort;12000;170216;183420
ShortestPairSort;12000;170250;183386
ShortestPairSort;12000;169859;183065
MergeSort;12000;147679;327232
MergeSort;12000;147760;327232
MergeSort;12000;147586;327232
MergeSort;12000;147595;327232
MergeSort;12000;147625;327232
MergeSort;12000;147760;327232
MergeSort;12000;147666;327232
MergeSort;12000;147779;327232
MergeSort;12000;147726;327232
MergeSort;12000;147671;327232
ShortestPairSort;13000;185599;199954
ShortestPairSort;13000;185865;200219
ShortestPairSort;13000;185186;199457
ShortestPairSort;13000;185760;199950
ShortestPairSort;13000;185634;199851
ShortestPairSort;13000;185800;200075
ShortestPairSort;13000;185221;199514
ShortestPairSort;13000;185455;199813
ShortestPairSort;13000;184824;199105
ShortestPairSort;13000;185366;199625
MergeSort;13000;161527;357232
MergeSort;13000;161644;357232
MergeSort;13000;161384;357232
MergeSort;13000;161469;357232
MergeSort;13000;161429;357232
MergeSort;13000;161405;357232
MergeSort;13000;161470;357232
MergeSort;13000;161523;357232
MergeSort;13000;161422;357232
MergeSort;13000;161413;357232
ShortestPairSort;14000;200667;216086
ShortestPairSort;14000;200801;216130
ShortestPairSort;14000;200655;216058
ShortestPairSort;14000;200372;215757
ShortestPairSort;14000;201032;216431
ShortestPairSort;14000;200940;216332
ShortestPairSort;14000;200706;216105
ShortestPairSort;14000;200512;215956
ShortestPairSort;14000;201426;216810
ShortestPairSort;14000;200560;215944
MergeSort;14000;175371;387232
MergeSort;14000;175408;387232
MergeSort;14000;175259;387232
MergeSort;14000;175391;387232
MergeSort;14000;175365;387232
MergeSort;14000;175498;387232
MergeSort;14000;175281;387232
MergeSort;14000;175373;387232
MergeSort;14000;175368;387232
MergeSort;14000;175355;387232
ShortestPairSort;15000;216122;232711
ShortestPairSort;15000;216732;233253
ShortestPairSort;15000;216485;233004
ShortestPairSort;15000;216180;232695
ShortestPairSort;15000;215850;232426
ShortestPairSort;15000;216665;233191
ShortestPairSort;15000;215900;232470
ShortestPairSort;15000;216772;233192
ShortestPairSort;15000;216497;233029
ShortestPairSort;15000;216511;232886
MergeSort;15000;189300;417232
MergeSort;15000;189264;417232
MergeSort;15000;189202;417232
MergeSort;15000;189233;417232
MergeSort;15000;189382;417232
MergeSort;15000;189336;417232
MergeSort;15000;189293;417232
MergeSort;15000;189361;417232
MergeSort;15000;189361;417232
MergeSort;15000;189198;417232
ShortestPairSort;16000;231865;249460
ShortestPairSort;16000;232130;249687
ShortestPairSort;16000;231551;249119
ShortestPairSort;16000;231567;249159
ShortestPairSort;16000;231628;249200
ShortestPairSort;16000;232443;250047
ShortestPairSort;16000;231827;249331
ShortestPairSort;16000;231833;249378
ShortestPairSort;16000;232114;249649
ShortestPairSort;16000;231552;249163
MergeSort;16000;203233;447232
MergeSort;16000;203345;447232
MergeSort;16000;203316;447232
MergeSort;16000;203306;447232
MergeSort;16000;203219;447232
MergeSort;16000;203189;447232
MergeSort;16000;203244;447232
MergeSort;16000;203312;447232
MergeSort;16000;203245;447232
MergeSort;16000;203301;447232
ShortestPairSort;17000;247704;266213
ShortestPairSort;17000;248559;267404
ShortestPairSort;17000;248018;266687
ShortestPairSort;17000;248179;266719
ShortestPairSort;17000;248126;266864
ShortestPairSort;17000;248094;266840
ShortestPairSort;17000;247801;266626
ShortestPairSort;17000;247701;266410
ShortestPairSort;17000;247619;266352
ShortestPairSort;17000;248646;267261
MergeSort;17000;217523;478464
MergeSort;17000;217643;478464
MergeSort;17000;217567;478464
MergeSort;17000;217545;478464
MergeSort;17000;217538;478464
MergeSort;17000;217413;478464
MergeSort;17000;217566;478464
MergeSort;17000;217486;478464
MergeSort;17000;217540;478464
MergeSort;17000;217647;478464
ShortestPairSort;18000;264802;284597
ShortestPairSort;18000;264327;284124
ShortestPairSort;18000;264725;284491
ShortestPairSort;18000;264726;284433
ShortestPairSort;18000;264596;284272
ShortestPairSort;18000;264263;283993
ShortestPairSort;18000;264528;284317
ShortestPairSort;18000;264636;284345
ShortestPairSort;18000;264362;284070
ShortestPairSort;18000;264420;284247
MergeSort;18000;231987;510464
MergeSort;18000;232135;510464
MergeSort;18000;231936;510464
MergeSort;18000;232134;510464
MergeSort;18000;231855;510464
MergeSort;18000;231776;510464
MergeSort;18000;231975;510464
MergeSort;18000;231816;510464
MergeSort;18000;231924;510464
MergeSort;18000;231905;510464
ShortestPairSort;19000;281385;302139
ShortestPairSort;19000;280950;301834
ShortestPairSort;19000;281153;302021
ShortestPairSort;19000;281828;302772
ShortestPairSort;19000;280898;301849
ShortestPairSort;19000;281155;302071
ShortestPairSort;19000;281093;301905
ShortestPairSort;19000;281295;302205
ShortestPairSort;19000;280965;301845
ShortestPairSort;19000;281162;302118
MergeSort;19000;246399;542464
MergeSort;19000;246417;542464
MergeSort;19000;246335;542464
MergeSort;19000;246313;542464
MergeSort;19000;246328;542464
MergeSort;19000;246483;542464
MergeSort;19000;246392;542464
MergeSort;19000;246351;542464
MergeSort;19000;246378;542464
MergeSort;19000;246593;542464
ShortestPairSort;20000;297642;319577
ShortestPairSort;20000;298128;319996
ShortestPairSort;20000;297428;319532
ShortestPairSort;20000;297389;319388
ShortestPairSort;20000;298289;320270
ShortestPairSort;20000;297996;319927
ShortestPairSort;20000;298098;320101
ShortestPairSort;20000;296905;318882
ShortestPairSort;20000;297308;319353
ShortestPairSort;20000;297962;319901
MergeSort;20000;261026;574464
MergeSort;20000;260835;574464
MergeSort;20000;260957;574464
MergeSort;20000;260819;574464
MergeSort;20000;260955;574464
MergeSort;20000;260859;574464
MergeSort;20000;260752;574464
MergeSort;20000;260843;574464
MergeSort;20000;260967;574464
MergeSort;20000;261031;574464
ShortestPairSort;21000;314304;337544
ShortestPairSort;21000;314459;337539
ShortestPairSort;21000;314159;337340
ShortestPairSort;21000;314066;337220
ShortestPairSort;21000;314606;337578
ShortestPairSort;21000;314272;337499
ShortestPairSort;21000;314396;337425
ShortestPairSort;21000;313676;336803
ShortestPairSort;21000;313825;336919
ShortestPairSort;21000;314056;337119
MergeSort;21000;275458;606464
MergeSort;21000;275419;606464
MergeSort;21000;275400;606464
MergeSort;21000;275567;606464
MergeSort;21000;275395;606464
MergeSort;21000;275415;606464
MergeSort;21000;275476;606464
MergeSort;21000;275688;606464
MergeSort;21000;275431;606464
MergeSort;21000;275306;606464
ShortestPairSort;22000;330910;355046
ShortestPairSort;22000;330715;355040
ShortestPairSort;22000;330571;354817
ShortestPairSort;22000;330712;354740
ShortestPairSort;22000;330756;354972
ShortestPairSort;22000;330507;354719
ShortestPairSort;22000;331030;355150
ShortestPairSort;22000;330882;355115
ShortestPairSort;22000;330555;354805
ShortestPairSort;22000;330773;355056
MergeSort;22000;289934;638464
MergeSort;22000;289981;638464
MergeSort;22000;290028;638464
MergeSort;22000;289892;638464
MergeSort;22000;290012;638464
MergeSort;22000;289940;638464
MergeSort;22000;290066;638464
MergeSort;22000;290024;638464
MergeSort;22000;290067;638464
MergeSort;22000;290123;638464
ShortestPairSort;23000;347685;372992
ShortestPairSort;23000;346918;372082
ShortestPairSort;23000;347466;372612
ShortestPairSort;23000;347373;372702
ShortestPairSort;23000;347778;373060
ShortestPairSort;23000;347333;372492
ShortestPairSort;23000;347751;373067
ShortestPairSort;23000;347211;372370
ShortestPairSort;23000;346920;372294
ShortestPairSort;23000;347661;372970
MergeSort;23000;304874;670464
MergeSort;23000;304649;670464
MergeSort;23000;304623;670464
MergeSort;23000;304683;670464
MergeSort;23000;304711;670464
MergeSort;23000;304660;670464
MergeSort;23000;304577;670464
MergeSort;23000;304779;670464
MergeSort;23000;304750;670464
MergeSort;23000;304720;670464
ShortestPairSort;24000;363829;390127
ShortestPairSort;24000;363776;390146
ShortestPairSort;24000;364333;390685
ShortestPairSort;24000;363628;390086
ShortestPairSort;24000;362988;389337
ShortestPairSort;24000;363914;390149
ShortestPairSort;24000;363738;390028
ShortestPairSort;24000;364468;390907
ShortestPairSort;24000;363802;390093
ShortestPairSort;24000;364166;390540
MergeSort;24000;319356;702464
MergeSort;24000;319618;702464
MergeSort;24000;319420;702464
MergeSort;24000;319365;702464
MergeSort;24000;319332;702464
MergeSort;24000;319378;702464
MergeSort;24000;319326;702464
MergeSort;24000;319476;702464
MergeSort;24000;319253;702464
MergeSort;24000;319357;702464
ShortestPairSort;25000;380879;408363
ShortestPairSort;25000;380907;408258
ShortestPairSort;25000;380383;407771
ShortestPairSort;25000;380881;408444
ShortestPairSort;25000;380385;407892
ShortestPairSort;25000;380504;408035
ShortestPairSort;25000;380169;407685
ShortestPairSort;25000;380658;408258
ShortestPairSort;25000;380046;407545
ShortestPairSort;25000;380248;407637
MergeSort;25000;333985;734464
MergeSort;25000;334005;734464
MergeSort;25000;334064;734464
MergeSort;25000;334092;734464
MergeSort;25000;333985;734464
MergeSort;25000;334226;734464
MergeSort;25000;334023;734464
MergeSort;25000;333993;734464
MergeSort;25000;334161;734464
MergeSort;25000;334073;734464
ShortestPairSort;26000;396997;425679
ShortestPairSort;26000;396993;425630
ShortestPairSort;26000;396825;425477
ShortestPairSort;26000;396538;425092
ShortestPairSort;26000;397014;425529
ShortestPairSort;26000;396706;425201
ShortestPairSort;26000;396350;424836
ShortestPairSort;26000;397235;425710
ShortestPairSort;26000;396673;425279
ShortestPairSort;26000;397241;425732
MergeSort;26000;348859;766464
MergeSort;26000;348898;766464
MergeSort;26000;349008;766464
MergeSort;26000;348902;766464
MergeSort;26000;348930;766464
MergeSort;26000;349136;766464
MergeSort;26000;349048;766464
MergeSort;26000;349114;766464
MergeSort;26000;348898;766464
MergeSort;26000;349026;766464
ShortestPairSort;27000;414112;443702
ShortestPairSort;27000;413036;442761
ShortestPairSort;27000;414045;443785
ShortestPairSort;27000;413524;443137
ShortestPairSort;27000;413401;443099
ShortestPairSort;27000;413768;443487
ShortestPairSort;27000;413558;443241
ShortestPairSort;27000;413461;443180
ShortestPairSort;27000;412739;442331
ShortestPairSort;27000;413830;443558
MergeSort;27000;363883;798464
MergeSort;27000;363781;798464
MergeSort;27000;363929;798464
MergeSort;27000;363708;798464
MergeSort;27000;363649;798464
MergeSort;27000;363922;798464
MergeSort;27000;363801;798464
MergeSort;27000;363892;798464
MergeSort;27000;363979;798464
MergeSort;27000;363851;798464
ShortestPairSort;28000;430251;461141
ShortestPairSort;28000;430506;461159
ShortestPairSort;28000;429894;460645
ShortestPairSort;28000;429408;460117
ShortestPairSort;28000;429625;460355
ShortestPairSort;28000;429649;460297
ShortestPairSort;28000;430231;460877
ShortestPairSort;28000;429898;460708
ShortestPairSort;28000;430197;460923
ShortestPairSort;28000;429957;460790
MergeSort;28000;378877;830464
MergeSort;28000;378771;830464
MergeSort;28000;378673;830464
MergeSort;28000;378787;830464
MergeSort;28000;378828;830464
MergeSort;28000;378762;830464
MergeSort;28000;378848;830464
MergeSort;28000;378894;830464
MergeSort;28000;378735;830464
MergeSort;28000;378494;830464
ShortestPairSort;29000;446322;478114
ShortestPairSort;29000;446512;478382
ShortestPairSort;29000;446136;478085
ShortestPairSort;29000;446535;478370
ShortestPairSort;29000;446741;478788
ShortestPairSort;29000;446559;478522
ShortestPairSort;29000;446842;478977
ShortestPairSort;29000;446452;478464
ShortestPairSort;29000;447292;479259
ShortestPairSort;29000;447267;479297
MergeSort;29000;393716;862464
MergeSort;29000;393571;862464
MergeSort;29000;393764;862464
MergeSort;29000;393688;862464
MergeSort;29000;393422;862464
MergeSort;29000;393765;862464
MergeSort;29000;393548;862464
MergeSort;29000;393663;862464
MergeSort;29000;393632;862464
MergeSort;29000;393613;862464
ShortestPairSort;30000;462024;495034
ShortestPairSort;30000;463572;496667
ShortestPairSort;30000;463085;496004
ShortestPairSort;30000;462515;495274
ShortestPairSort;30000;462611;495731
ShortestPairSort;30000;463159;496215
ShortestPairSort;30000;463073;496018
ShortestPairSort;30000;463114;495856
ShortestPairSort;30000;463127;495929
ShortestPairSort;30000;463148;496315
MergeSort;30000;408548;894464
MergeSort;30000;408660;894464
MergeSort;30000;408694;894464
MergeSort;30000;408502;894464
MergeSort;30000;408639;894464
MergeSort;30000;408432;894464
MergeSort;30000;408493;894464
MergeSort;30000;408455;894464
MergeSort;30000;408672;894464
MergeSort;30000;408676;894464
ShortestPairSort;31000;479175;513261
ShortestPairSort;31000;479349;513298
ShortestPairSort;31000;479459;513576
ShortestPairSort;31000;479042;513062
ShortestPairSort;31000;479724;513769
ShortestPairSort;31000;480716;514877
ShortestPairSort;31000;479123;513067
ShortestPairSort;31000;479622;513455
ShortestPairSort;31000;480051;514267
ShortestPairSort;31000;479150;513436
MergeSort;31000;423532;926464
MergeSort;31000;423379;926464
MergeSort;31000;423575;926464
MergeSort;31000;423420;926464
MergeSort;31000;423633;926464
MergeSort;31000;423747;926464
MergeSort;31000;423458;926464
MergeSort;31000;423527;926464
MergeSort;31000;423519;926464
MergeSort;31000;423569;926464
ShortestPairSort;32000;497189;532297
ShortestPairSort;32000;496022;531164
ShortestPairSort;32000;495768;530950
ShortestPairSort;32000;496175;531571
ShortestPairSort;32000;495986;531145
ShortestPairSort;32000;495819;530913
ShortestPairSort;32000;496297;531555
ShortestPairSort;32000;495741;531124
ShortestPairSort;32000;495677;531094
ShortestPairSort;32000;496403;531662
MergeSort;32000;438379;958464
MergeSort;32000;438641;958464
MergeSort;32000;438662;958464
MergeSort;32000;438509;958464
MergeSort;32000;438735;958464
MergeSort;32000;438543;958464
MergeSort;32000;438402;958464
MergeSort;32000;438635;958464
MergeSort;32000;438322;958464
MergeSort;32000;438487;958464
ShortestPairSort;33000;512381;548722
ShortestPairSort;33000;513424;549661
ShortestPairSort;33000;512292;548612
ShortestPairSort;33000;512579;548867
ShortestPairSort;33000;512512;549005
ShortestPairSort;33000;513212;549652
ShortestPairSort;33000;512783;549131
ShortestPairSort;33000;513509;549752
ShortestPairSort;33000;512283;548543
ShortestPairSort;33000;513640;550064
MergeSort;33000;453485;990928
MergeSort;33000;453590;990928
MergeSort;33000;453629;990928
MergeSort;33000;453606;990928
MergeSort;33000;453701;990928
MergeSort;33000;453542;990928
MergeSort;33000;453518;990928
MergeSort;33000;453689;990928
MergeSort;33000;453679;990928
MergeSort;33000;453658;990928
ShortestPairSort;34000;529858;567300
ShortestPairSort;34000;530278;567658
ShortestPairSort;34000;530540;567943
ShortestPairSort;34000;530012;567427
ShortestPairSort;34000;528877;566312
ShortestPairSort;34000;531460;568822
ShortestPairSort;34000;530153;567428
ShortestPairSort;34000;530518;567799
ShortestPairSort;34000;530304;567739
ShortestPairSort;34000;529812;567174
MergeSort;34000;469052;1024928
MergeSort;34000;469071;1024928
MergeSort;34000;469131;1024928
MergeSort;34000;469168;1024928
MergeSort;34000;469091;1024928
MergeSort;34000;469074;1024928
MergeSort;34000;469027;1024928
MergeSort;34000;469016;1024928
MergeSort;34000;469066;1024928
MergeSort;34000;468999;1024928
ShortestPairSort;35000;547791;586380
ShortestPairSort;35000;548320;586809
ShortestPairSort;35000;547901;586328
ShortestPairSort;35000;547512;585839
ShortestPairSort;35000;547964;586431
ShortestPairSort;35000;547307;585755
ShortestPairSort;35000;548185;586592
ShortestPairSort;35000;548013;586610
ShortestPairSort;35000;547680;585979
ShortestPairSort;35000;547967;586342
MergeSort;35000;484525;1058928
MergeSort;35000;484545;1058928
MergeSort;35000;484438;1058928
MergeSort;35000;484473;1058928
MergeSort;35000;484479;1058928
MergeSort;35000;484244;1058928
MergeSort;35000;484427;1058928
MergeSort;35000;484582;1058928
MergeSort;35000;484527;1058928
MergeSort;35000;484266;1058928
ShortestPairSort;36000;566037;605669
ShortestPairSort;36000;564301;603968
ShortestPairSort;36000;565273;604855
ShortestPairSort;36000;566207;605872
ShortestPairSort;36000;564873;604344
ShortestPairSort;36000;565313;604778
ShortestPairSort;36000;564880;604450
ShortestPairSort;36000;565709;605178
ShortestPairSort;36000;564830;604147
ShortestPairSort;36000;566037;605708
MergeSort;36000;499986;1092928
MergeSort;36000;499934;1092928
MergeSort;36000;499809;1092928
MergeSort;36000;499899;1092928
MergeSort;36000;499740;1092928
MergeSort;36000;500011;1092928
MergeSort;36000;499827;1092928
MergeSort;36000;500027;1092928
MergeSort;36000;499846;1092928
MergeSort;36000;499715;1092928
ShortestPairSort;37000;583605;624280
ShortestPairSort;37000;582837;623525
ShortestPairSort;37000;581954;622639
ShortestPairSort;37000;582276;622841
ShortestPairSort;37000;583348;624060
ShortestPairSort;37000;582616;623354
ShortestPairSort;37000;583355;624168
ShortestPairSort;37000;582543;623296
ShortestPairSort;37000;582643;623004
ShortestPairSort;37000;582692;623428
MergeSort;37000;515178;1126928
MergeSort;37000;515237;1126928
MergeSort;37000;515431;1126928
MergeSort;37000;515345;1126928
MergeSort;37000;515397;1126928
MergeSort;37000;515430;1126928
MergeSort;37000;515566;1126928
MergeSort;37000;515337;1126928
MergeSort;37000;515466;1126928
MergeSort;37000;515354;1126928
ShortestPairSort;38000;600394;642358
ShortestPairSort;38000;599632;641308
ShortestPairSort;38000;599859;641571
ShortestPairSort;38000;599921;641634
ShortestPairSort;38000;599673;641289
ShortestPairSort;38000;601771;643368
ShortestPairSort;38000;600521;642153
ShortestPairSort;38000;601315;643351
ShortestPairSort;38000;600404;642334
ShortestPairSort;38000;600294;642150
MergeSort;38000;530909;1160928
MergeSort;38000;530667;1160928
MergeSort;38000;530835;1160928
MergeSort;38000;530809;1160928
MergeSort;38000;530835;1160928
MergeSort;38000;531001;1160928
MergeSort;38000;530750;1160928
MergeSort;38000;531140;1160928
MergeSort;38000;530674;1160928
MergeSort;38000;530850;1160928
ShortestPairSort;39000;618076;660810
ShortestPairSort;39000;618162;660997
ShortestPairSort;39000;617560;660429
ShortestPairSort;39000;618068;661008
ShortestPairSort;39000;618064;660923
ShortestPairSort;39000;616994;659733
ShortestPairSort;39000;618647;661492
ShortestPairSort;39000;617012;659894
ShortestPairSort;39000;618070;661032
ShortestPairSort;39000;618389;661113
MergeSort;39000;546307;1194928
MergeSort;39000;546443;1194928
MergeSort;39000;546064;1194928
MergeSort;39000;546256;1194928
MergeSort;39000;546145;1194928
MergeSort;39000;546454;1194928
MergeSort;39000;546241;1194928
MergeSort;39000;546327;1194928
MergeSort;39000;546170;1194928
MergeSort;39000;546419;1194928
ShortestPairSort;40000;635138;679128
ShortestPairSort;40000;636318;680115
ShortestPairSort;40000;635180;679081
ShortestPairSort;40000;635364;679178
ShortestPairSort;40000;635281;679091
ShortestPairSort;40000;636091;680174
ShortestPairSort;40000;635616;679539
ShortestPairSort;40000;635399;679358
ShortestPairSort;40000;635615;679433
ShortestPairSort;40000;635370;679298
MergeSort;40000;561916;1228928
MergeSort;40000;562035;1228928
MergeSort;40000;561803;1228928
MergeSort;40000;561740;1228928
MergeSort;40000;561828;1228928
MergeSort;40000;561901;1228928
MergeSort;40000;561907;1228928
MergeSort;40000;561693;1228928
MergeSort;40000;561582;1228928
MergeSort;40000;561697;1228928
ShortestPairSort;41000;653041;698142
ShortestPairSort;41000;652889;697938
ShortestPairSort;41000;653384;698461
ShortestPairSort;41000;653058;698048
ShortestPairSort;41000;653085;698112
ShortestPairSort;41000;653171;698472
ShortestPairSort;41000;653823;699038
ShortestPairSort;41000;653157;698193
ShortestPairSort;41000;652890;697742
ShortestPairSort;41000;653157;698131
MergeSort;41000;577378;1262928
MergeSort;41000;577413;1262928
MergeSort;41000;577261;1262928
MergeSort;41000;577435;1262928
MergeSort;41000;577367;1262928
MergeSort;41000;577429;1262928
MergeSort;41000;577335;1262928
MergeSort;41000;577279;1262928
MergeSort;41000;577271;1262928
MergeSort;41000;577166;1262928
ShortestPairSort;42000;670224;716365
ShortestPairSort;42000;669706;716069
ShortestPairSort;42000;670572;716608
ShortestPairSort;42000;670431;716621
ShortestPairSort;42000;671247;717353
ShortestPairSort;42000;671280;717448
ShortestPairSort;42000;670826;716956
ShortestPairSort;42000;671147;717232
ShortestPairSort;42000;671485;717445
ShortestPairSort;42000;671141;717193
MergeSort;42000;593069;1296928
MergeSort;42000;592830;1296928
MergeSort;42000;592896;1296928
MergeSort;42000;593009;1296928
MergeSort;42000;592994;1296928
MergeSort;42000;592976;1296928
MergeSort;42000;592820;1296928
MergeSort;42000;593025;1296928
MergeSort;42000;592545;1296928
MergeSort;42000;592977;1296928
ShortestPairSort;43000;687877;734993
ShortestPairSort;43000;688041;735374
ShortestPairSort;43000;687868;735167
ShortestPairSort;43000;688725;735871
ShortestPairSort;43000;688187;735479
ShortestPairSort;43000;688380;735650
ShortestPairSort;43000;688256;735431
ShortestPairSort;43000;687625;734736
ShortestPairSort;43000;688076;735110
ShortestPairSort;43000;686945;734150
MergeSort;43000;608594;1330928
MergeSort;43000;608605;1330928
MergeSort;43000;608469;1330928
MergeSort;43000;608669;1330928
MergeSort;43000;608709;1330928
MergeSort;43000;608493;1330928
MergeSort;43000;608425;1330928
MergeSort;43000;608652;1330928
MergeSort;43000;608545;1330928
MergeSort;43000;608579;1330928
ShortestPairSort;44000;705310;753449
ShortestPairSort;44000;705626;754047
ShortestPairSort;44000;705054;753379
ShortestPairSort;44000;705704;754249
ShortestPairSort;44000;706295;754707
ShortestPairSort;44000;705371;753531
ShortestPairSort;44000;704938;753432
ShortestPairSort;44000;705655;754301
ShortestPairSort;44000;705779;754139
ShortestPairSort;44000;705318;753612
MergeSort;44000;624048;1364928
MergeSort;44000;623887;1364928
MergeSort;44000;624200;1364928
MergeSort;44000;624047;1364928
MergeSort;44000;624154;1364928
MergeSort;44000;624260;1364928
MergeSort;44000;623933;1364928
MergeSort;44000;624169;1364928
MergeSort;44000;624143;1364928
MergeSort;44000;624247;1364928
ShortestPairSort;45000;722993;772404
ShortestPairSort;45000;723900;773456
ShortestPairSort;45000;722902;772448
ShortestPairSort;45000;723099;772645
ShortestPairSort;45000;722702;772203
ShortestPairSort;45000;723408;772973
ShortestPairSort;45000;722585;771988
ShortestPairSort;45000;723037;772443
ShortestPairSort;45000;722900;772201
ShortestPairSort;45000;723342;772645
MergeSort;45000;639840;1398928
MergeSort;45000;639750;1398928
MergeSort;45000;639801;1398928
MergeSort;45000;639852;1398928
MergeSort;45000;639756;1398928
MergeSort;45000;639670;1398928
MergeSort;45000;639917;1398928
MergeSort;45000;639649;1398928
MergeSort;45000;639616;1398928
MergeSort;45000;639750;1398928
ShortestPairSort;46000;740120;790548
ShortestPairSort;46000;741540;792166
ShortestPairSort;46000;741309;791871
ShortestPairSort;46000;740024;790559
ShortestPairSort;46000;740307;790860
ShortestPairSort;46000;740527;791088
ShortestPairSort;46000;740425;791081
ShortestPairSort;46000;740316;790908
ShortestPairSort;46000;739696;790182
ShortestPairSort;46000;741826;792420
MergeSort;46000;655244;1432928
MergeSort;46000;655302;1432928
MergeSort;46000;655330;1432928
MergeSort;46000;655398;1432928
MergeSort;46000;655460;1432928
MergeSort;46000;655303;1432928
MergeSort;46000;655449;1432928
MergeSort;46000;655210;1432928
MergeSort;46000;655399;1432928
MergeSort;46000;655398;1432928
ShortestPairSort;47000;757766;809558
ShortestPairSort;47000;757540;809198
ShortestPairSort;47000;757461;809087
ShortestPairSort;47000;758697;810456
ShortestPairSort;47000;758334;809894
ShortestPairSort;47000;758304;809892
ShortestPairSort;47000;758068;809548
ShortestPairSort;47000;757376;808908
ShortestPairSort;47000;758502;810160
ShortestPairSort;47000;759002;810442
MergeSort;47000;671238;1466928
MergeSort;47000;670943;1466928
MergeSort;47000;670980;1466928
MergeSort;47000;670997;1466928
MergeSort;47000;670909;1466928
MergeSort;47000;670958;1466928
MergeSort;47000;670932;1466928
MergeSort;47000;670951;1466928
MergeSort;47000;671043;1466928
MergeSort;47000;671176;1466928
ShortestPairSort;48000;776741;829533
ShortestPairSort;48000;775719;828343
ShortestPairSort;48000;774786;827751
ShortestPairSort;48000;776177;828973
ShortestPairSort;48000;775925;828624
ShortestPairSort;48000;775962;828498
ShortestPairSort;48000;775127;827881
ShortestPairSort;48000;775658;828231
ShortestPairSort;48000;775318;828005
ShortestPairSort;48000;775573;828468
MergeSort;48000;686603;1500928
MergeSort;48000;686782;1500928
MergeSort;48000;686580;1500928
MergeSort;48000;686898;1500928
MergeSort;48000;686602;1500928
MergeSort;48000;686702;1500928
MergeSort;48000;686705;1500928
MergeSort;48000;686875;1500928
MergeSort;48000;686609;1500928
MergeSort;48000;686714;1500928
ShortestPairSort;49000;793034;846838
ShortestPairSort;49000;792524;846543
ShortestPairSort;49000;792887;846822
ShortestPairSort;49000;794252;848046
ShortestPairSort;49000;792715;846820
ShortestPairSort;49000;793892;847595
ShortestPairSort;49000;792700;846663
ShortestPairSort;49000;792673;846414
ShortestPairSort;49000;794115;847810
ShortestPairSort;49000;792209;846110
MergeSort;49000;702304;1534928
MergeSort;49000;702332;1534928
MergeSort;49000;702341;1534928
MergeSort;49000;702437;1534928
MergeSort;49000;702305;1534928
MergeSort;49000;702365;1534928
MergeSort;49000;702538;1534928
MergeSort;49000;702224;1534928
MergeSort;49000;702386;1534928
MergeSort;49000;702538;1534928
ShortestPairSort;50000;811312;866331
ShortestPairSort;50000;810012;864915
ShortestPairSort;50000;810362;865232
ShortestPairSort;50000;811812;866940
ShortestPairSort;50000;809775;864754
ShortestPairSort;50000;810871;865823
ShortestPairSort;50000;810150;865199
ShortestPairSort;50000;811573;866707
ShortestPairSort;50000;810712;865644
ShortestPairSort;50000;811194;866192
MergeSort;50000;718137;1568928
MergeSort;50000;718124;1568928
MergeSort;50000;718071;1568928
MergeSort;50000;718378;1568928
MergeSort;50000;718228;1568928
MergeSort;50000;718177;1568928
MergeSort;50000;717999;1568928
MergeSort;50000;718093;1568928
MergeSort;50000;718309;1568928
MergeSort;50000;718160;1568928
ShortestPairSort;1000;10533;11617
ShortestPairSort;1000;10517;11638
ShortestPairSort;1000;10529;11589
ShortestPairSort;1000;10491;11611
ShortestPairSort;1000;10606;11719
ShortestPairSort;1000;10372;11467
ShortestPairSort;1000;10716;11790
ShortestPairSort;1000;10490;11562
ShortestPairSort;1000;10464;11564
ShortestPairSort;1000;10565;11664
MergeSort;1000;8675;19952
MergeSort;1000;8684;19952
MergeSort;1000;8707;19952
MergeSort;1000;8684;19952
MergeSort;1000;8725;19952
MergeSort;1000;8683;19952
MergeSort;1000;8722;19952
MergeSort;1000;8731;19952
MergeSort;1000;8754;19952
MergeSort;1000;8719;19952
ShortestPairSort;2000;23164;25401
ShortestPairSort;2000;22866;25084
ShortestPairSort;2000;22926;25121
ShortestPairSort;2000;23073;25270
ShortestPairSort;2000;23169;25391
ShortestPairSort;2000;23104;25278
ShortestPairSort;2000;23005;25131
ShortestPairSort;2000;23056;25200
ShortestPairSort;2000;23130;25368
ShortestPairSort;2000;22925;25114
MergeSort;2000;19421;43904
MergeSort;2000;19366;43904
MergeSort;2000;19387;43904
MergeSort;2000;19429;43904
MergeSort;2000;19397;43904
MergeSort;2000;19433;43904
MergeSort;2000;19425;43904
MergeSort;2000;19425;43904
MergeSort;2000;19405;43904
MergeSort;2000;19380;43904
ShortestPairSort;3000;36429;39736
ShortestPairSort;3000;36481;39770
ShortestPairSort;3000;36331;39663
ShortestPairSort;3000;36657;39974
ShortestPairSort;3000;36387;39633
ShortestPairSort;3000;36562;39834
ShortestPairSort;3000;36551;39873
ShortestPairSort;3000;36509;39845
ShortestPairSort;3000;36546;39841
ShortestPairSort;3000;36568;39867
MergeSort;3000;30884;69808
MergeSort;3000;30921;69808
MergeSort;3000;30944;69808
MergeSort;3000;30913;69808
MergeSort;3000;30927;69808
MergeSort;3000;30890;69808
MergeSort;3000;30856;69808
MergeSort;3000;30928;69808
MergeSort;3000;30941;69808
MergeSort;3000;30943;69808
ShortestPairSort;4000;50013;54481
ShortestPairSort;4000;49888;54240
ShortestPairSort;4000;50076;54443
ShortestPairSort;4000;49986;54415
ShortestPairSort;4000;49948;54289
ShortestPairSort;4000;50061;54423
ShortestPairSort;4000;49891;54252
ShortestPairSort;4000;49848;54246
ShortestPairSort;4000;49754;54140
ShortestPairSort;4000;50141;54545
MergeSort;4000;42860;95808
MergeSort;4000;42810;95808
MergeSort;4000;42819;95808
MergeSort;4000;42738;95808
MergeSort;4000;42788;95808
MergeSort;4000;42811;95808
MergeSort;4000;42801;95808
MergeSort;4000;42788;95808
MergeSort;4000;42763;95808
MergeSort;4000;42824;95808
ShortestPairSort;5000;64104;69589
ShortestPairSort;5000;64327;69778
ShortestPairSort;5000;63872;69404
ShortestPairSort;5000;64060;69544
ShortestPairSort;5000;64638;70110
ShortestPairSort;5000;64392;69898
ShortestPairSort;5000;64746;70232
ShortestPairSort;5000;64387;69960
ShortestPairSort;5000;64610;70085
ShortestPairSort;5000;64759;70297
MergeSort;5000;55196;123616
MergeSort;5000;55215;123616
MergeSort;5000;55190;123616
MergeSort;5000;55218;123616
MergeSort;5000;55245;123616
MergeSort;5000;55206;123616
MergeSort;5000;55241;123616
MergeSort;5000;55199;123616
MergeSort;5000;55298;123616
MergeSort;5000;55269;123616
ShortestPairSort;6000;79455;86070
ShortestPairSort;6000;78764;85378
ShortestPairSort;6000;78951;85558
ShortestPairSort;6000;79171;85769
ShortestPairSort;6000;79035;85601
ShortestPairSort;6000;79017;85621
ShortestPairSort;6000;79299;85862
ShortestPairSort;6000;79211;85833
ShortestPairSort;6000;78685;85281
ShortestPairSort;6000;78899;85468
MergeSort;6000;67811;151616
MergeSort;6000;67846;151616
MergeSort;6000;67887;151616
MergeSort;6000;67789;151616
MergeSort;6000;67934;151616
MergeSort;6000;67945;151616
MergeSort;6000;67885;151616
MergeSort;6000;67852;151616
MergeSort;6000;67838;151616
MergeSort;6000;67888;151616
ShortestPairSort;7000;93410;101120
ShortestPairSort;7000;93532;101279
ShortestPairSort;7000;93598;101266
ShortestPairSort;7000;93779;101536
ShortestPairSort;7000;93475;101095
ShortestPairSort;7000;93478;101135
ShortestPairSort;7000;93710;101346
ShortestPairSort;7000;93853;101537
ShortestPairSort;7000;93594;101185
ShortestPairSort;7000;93126;100815
MergeSort;7000;80639;179616
MergeSort;7000;80689;179616
MergeSort;7000;80689;179616
MergeSort;7000;80680;179616
MergeSort;7000;80551;179616
MergeSort;7000;80631;179616
MergeSort;7000;80715;179616
MergeSort;7000;80766;179616
MergeSort;7000;80717;179616
MergeSort;7000;80683;179616
ShortestPairSort;8000;107948;116706
ShortestPairSort;8000;107885;116602
ShortestPairSort;8000;107971;116671
ShortestPairSort;8000;108170;116924
ShortestPairSort;8000;107782;116572
ShortestPairSort;8000;107692;116486
ShortestPairSort;8000;108045;116832
ShortestPairSort;8000;108267;117135
ShortestPairSort;8000;108337;117038
ShortestPairSort;8000;107564;116361
MergeSort;8000;93721;207616
MergeSort;8000;93567;207616
MergeSort;8000;93621;207616
MergeSort;8000;93644;207616
MergeSort;8000;93723;207616
MergeSort;8000;93674;207616
MergeSort;8000;93609;207616
MergeSort;8000;93682;207616
MergeSort;8000;93708;207616
MergeSort;8000;93655;207616
ShortestPairSort;9000;123375;133239
ShortestPairSort;9000;123351;133225
ShortestPairSort;9000;123727;133543
ShortestPairSort;9000;123173;133132
ShortestPairSort;9000;123212;133092
ShortestPairSort;9000;123292;133165
ShortestPairSort;9000;123424;133290
ShortestPairSort;9000;123602;133445
ShortestPairSort;9000;123259;133099
ShortestPairSort;9000;123617;133501
MergeSort;9000;106985;237232
MergeSort;9000;106979;237232
MergeSort;9000;106960;237232
MergeSort;9000;107117;237232
MergeSort;9000;106926;237232
MergeSort;9000;106995;237232
MergeSort;9000;106918;237232
MergeSort;9000;107015;237232
MergeSort;9000;106981;237232
MergeSort;9000;106984;237232
ShortestPairSort;10000;138934;149908
ShortestPairSort;10000;138897;149820
ShortestPairSort;10000;139132;150158
ShortestPairSort;10000;138826;149783
ShortestPairSort;10000;138901;149928
ShortestPairSort;10000;138987;150008
ShortestPairSort;10000;139007;150007
ShortestPairSort;10000;139441;150398
ShortestPairSort;10000;138561;149571
ShortestPairSort;10000;138821;149757
MergeSort;10000;120339;267232
MergeSort;10000;120429;267232
MergeSort;10000;120482;267232
MergeSort;10000;120458;267232
MergeSort;10000;120419;267232
MergeSort;10000;120539;267232
MergeSort;10000;120426;267232
MergeSort;10000;120458;267232
MergeSort;10000;120441;267232
MergeSort;10000;120518;267232
ShortestPairSort;11000;153793;165870
ShortestPairSort;11000;154584;166615
ShortestPairSort;11000;154333;166509
ShortestPairSort;11000;154255;166380
ShortestPairSort;11000;154685;166827
ShortestPairSort;11000;153783;165823
ShortestPairSort;11000;154565;166595
ShortestPairSort;11000;154573;166555
ShortestPairSort;11000;155066;167093
ShortestPairSort;11000;154277;166335
MergeSort;11000;134074;297232
MergeSort;11000;133981;297232
MergeSort;11000;133988;297232
MergeSort;11000;133904;297232
MergeSort;11000;134068;297232
MergeSort;11000;133951;297232
MergeSort;11000;134009;297232
MergeSort;11000;133951;297232
MergeSort;11000;134071;297232
MergeSort;11000;134059;297232
ShortestPairSort;12000;170088;183289
ShortestPairSort;12000;169648;183001
ShortestPairSort;12000;170724;183983
ShortestPairSort;12000;170518;183666
ShortestPairSort;12000;170031;183169
ShortestPairSort;12000;169980;183120
ShortestPairSort;12000;169859;183021
ShortestPairSort;12000;169895;183029
ShortestPairSort;12000;170165;183359
ShortestPairSort;12000;170113;183128
MergeSort;12000;147669;327232
MergeSort;12000;147712;327232
MergeSort;12000;147719;327232
MergeSort;12000;147684;327232
MergeSort;12000;147631;327232
MergeSort;12000;147722;327232
MergeSort;12000;147588;327232
MergeSort;12000;147697;327232
MergeSort;12000;147701;327232
MergeSort;12000;147746;327232
ShortestPairSort;13000;184992;199207
ShortestPairSort;13000;185509;199887
ShortestPairSort;13000;185086;199476
ShortestPairSort;13000;185450;199774
ShortestPairSort;13000;185236;199430
ShortestPairSort;13000;185516;199928
ShortestPairSort;13000;185437;199675
ShortestPairSort;13000;185430;199787
ShortestPairSort;13000;185690;199982
ShortestPairSort;13000;184993;199225
MergeSort;13000;161519;357232
MergeSort;13000;161507;357232
MergeSort;13000;161444;357232
MergeSort;13000;161490;357232
MergeSort;13000;161525;357232
MergeSort;13000;161456;357232
MergeSort;13000;161490;357232
MergeSort;13000;161458;357232
MergeSort;13000;161441;357232
MergeSort;13000;161611;357232
ShortestPairSort;14000;201024;216436
ShortestPairSort;14000;201228;216517
ShortestPairSort;14000;201041;216425
ShortestPairSort;14000;200873;216215
ShortestPairSort;14000;200559;215888
ShortestPairSort;14000;200630;215994
ShortestPairSort;14000;201273;216722
ShortestPairSort;14000;200859;216135
ShortestPairSort;14000;200493;215976
ShortestPairSort;14000;200792;216197
MergeSort;14000;175452;387232
MergeSort;14000;175401;387232
MergeSort;14000;175187;387232
MergeSort;14000;175384;387232
MergeSort;14000;175358;387232
MergeSort;14000;175369;387232
MergeSort;14000;175405;387232
MergeSort;14000;175285;387232
MergeSort;14000;175435;387232
MergeSort;14000;175439;387232
ShortestPairSort;15000;216618;233135
ShortestPairSort;15000;216207;232680
ShortestPairSort;15000;216511;233053
ShortestPairSort;15000;216482;233118
ShortestPairSort;15000;216140;232625
ShortestPairSort;15000;216104;232534
ShortestPairSort;15000;216239;232683
ShortestPairSort;15000;216570;232983
ShortestPairSort;15000;216156;232772
ShortestPairSort;15000;216313;232831
MergeSort;15000;189334;417232
MergeSort;15000;189359;417232
MergeSort;15000;189313;417232
MergeSort;15000;189408;417232
MergeSort;15000;189309;417232
MergeSort;15000;189416;417232
MergeSort;15000;189418;417232
MergeSort;15000;189424;417232
MergeSort;15000;189322;417232
MergeSort;15000;189287;417232
ShortestPairSort;16000;232454;250055
ShortestPairSort;16000;233044;250677
ShortestPairSort;16000;232034;249442
ShortestPairSort;16000;232026;249682
ShortestPairSort;16000;231860;249352
ShortestPairSort;16000;231946;249453
ShortestPairSort;16000;232249;249813
ShortestPairSort;16000;231865;249398
ShortestPairSort;16000;232221;249845
ShortestPairSort;16000;232057;249649
MergeSort;16000;203218;447232
MergeSort;16000;203166;447232
MergeSort;16000;203401;447232
MergeSort;16000;203130;447232
MergeSort;16000;203370;447232
MergeSort;16000;203258;447232
MergeSort;16000;203201;447232
MergeSort;16000;203332;447232
MergeSort;16000;203370;447232
MergeSort;16000;203227;447232
ShortestPairSort;17000;248608;267291
ShortestPairSort;17000;248117;266732
ShortestPairSort;17000;247875;266570
ShortestPairSort;17000;248897;267502
ShortestPairSort;17000;248278;266881
ShortestPairSort;17000;248231;266992
ShortestPairSort;17000;247641;266232
ShortestPairSort;17000;247921;266492
ShortestPairSort;17000;248287;266976
ShortestPairSort;17000;248542;267205
MergeSort;17000;217521;478464
MergeSort;17000;217531;478464
MergeSort;17000;217574;478464
MergeSort;17000;217622;478464
MergeSort;17000;217464;478464
MergeSort;17000;217545;478464
MergeSort;17000;217529;478464
MergeSort;17000;217564;478464
MergeSort;17000;217578;478464
MergeSort;17000;217440;478464
ShortestPairSort;18000;264925;284719
ShortestPairSort;18000;264279;283899
ShortestPairSort;18000;265151;284914
ShortestPairSort;18000;264506;284194
ShortestPairSort;18000;264270;284129
ShortestPairSort;18000;265115;284922
ShortestPairSort;18000;264241;284087
ShortestPairSort;18000;264649;284323
ShortestPairSort;18000;264478;284265
ShortestPairSort;18000;264267;284162
MergeSort;18000;231951;510464
MergeSort;18000;231948;510464
MergeSort;18000;231987;510464
MergeSort;18000;231985;510464
MergeSort;18000;232040;510464
MergeSort;18000;231976;510464
MergeSort;18000;231994;510464
MergeSort;18000;231989;510464
MergeSort;18000;231967;510464
MergeSort;18000;232076;510464
ShortestPairSort;19000;281125;302041
ShortestPairSort;19000;280612;301522
ShortestPairSort;19000;281657;302562
ShortestPairSort;19000;281011;301939
ShortestPairSort;19000;281580;302391
ShortestPairSort;19000;281195;302184
ShortestPairSort;19000;280682;301548
ShortestPairSort;19000;280806;301721
ShortestPairSort;19000;281728;302607
ShortestPairSort;19000;281223;301933
MergeSort;19000;246374;542464
MergeSort;19000;246395;542464
MergeSort;19000;246428;542464
MergeSort;19000;246515;542464
MergeSort;19000;246382;542464
MergeSort;19000;246433;542464
MergeSort;19000;246307;542464
MergeSort;19000;246314;542464
MergeSort;19000;246377;542464
MergeSort;19000;246554;542464
ShortestPairSort;20000;297778;319817
ShortestPairSort;20000;297597;319503
ShortestPairSort;20000;297388;319303
ShortestPairSort;20000;297519;319420
ShortestPairSort;20000;297125;319056
ShortestPairSort;20000;297174;319178
ShortestPairSort;20000;297867;319928
ShortestPairSort;20000;297720;319673
ShortestPairSort;20000;297649;319654
ShortestPairSort;20000;297668;319664
MergeSort;20000;261012;574464
MergeSort;20000;260944;574464
MergeSort;20000;260838;574464
MergeSort;20000;260839;574464
MergeSort;20000;260855;574464
MergeSort;20000;260892;574464
MergeSort;20000;260778;574464
MergeSort;20000;260912;574464
MergeSort;20000;260907;574464
MergeSort;20000;260921;574464
ShortestPairSort;21000;314272;337342
ShortestPairSort;21000;313028;336176
ShortestPairSort;21000;314615;337726
ShortestPairSort;21000;314476;337672
ShortestPairSort;21000;314517;337586
ShortestPairSort;21000;314522;337593
ShortestPairSort;21000;314130;337203
ShortestPairSort;21000;313749;336798
ShortestPairSort;21000;314019;336949
ShortestPairSort;21000;314687;337704
MergeSort;21000;275624;606464
MergeSort;21000;275459;606464
MergeSort;21000;275498;606464
MergeSort;21000;275516;606464
MergeSort;21000;275446;606464
MergeSort;21000;275460;606464
MergeSort;21000;275394;606464
MergeSort;21000;275436;606464
MergeSort;21000;275496;606464
MergeSort;21000;275414;606464
ShortestPairSort;22000;331101;355307
ShortestPairSort;22000;331014;355178
ShortestPairSort;22000;329789;353946
ShortestPairSort;22000;331097;355328
ShortestPairSort;22000;330720;354942
ShortestPairSort;22000;330967;355129
ShortestPairSort;22000;331079;355412
ShortestPairSort;22000;330627;354775
ShortestPairSort;22000;330423;354576
ShortestPairSort;22000;330904;355124
MergeSort;22000;289946;638464
MergeSort;22000;290142;638464
MergeSort;22000;289946;638464
MergeSort;22000;289962;638464
MergeSort;22000;290043;638464
MergeSort;22000;289932;638464
MergeSort;22000;289955;638464
MergeSort;22000;290099;638464
MergeSort;22000;290067;638464
MergeSort;22000;290042;638464
ShortestPairSort;23000;347423;372673
ShortestPairSort;23000;347046;372386
ShortestPairSort;23000;347427;372599
ShortestPairSort;23000;347542;372778
ShortestPairSort;23000;347164;372396
ShortestPairSort;23000;347437;372576
ShortestPairSort;23000;347152;372405
ShortestPairSort;23000;347437;372772
ShortestPairSort;23000;347285;372740
ShortestPairSort;23000;347442;372667
MergeSort;23000;304696;670464
MergeSort;23000;304673;670464
MergeSort;23000;304817;670464
MergeSort;23000;304770;670464
MergeSort;23000;304753;670464
MergeSort;23000;304639;670464
MergeSort;23000;304641;670464
MergeSort;23000;304692;670464
MergeSort;23000;304776;670464
MergeSort;23000;304651;670464
ShortestPairSort;24000;363669;390127
ShortestPairSort;24000;363980;390261
ShortestPairSort;24000;364373;390813
ShortestPairSort;24000;363799;390191
ShortestPairSort;24000;363825;390237
ShortestPairSort;24000;364205;390710
ShortestPairSort;24000;363984;390367
ShortestPairSort;24000;364215;390564
ShortestPairSort;24000;364201;390542
ShortestPairSort;24000;363482;389905
MergeSort;24000;319437;702464
MergeSort;24000;319247;702464
MergeSort;24000;319253;702464
MergeSort;24000;319302;702464
MergeSort;24000;319246;702464
MergeSort;24000;319406;702464
MergeSort;24000;319429;702464
ShortestPairSort;1000;10514;11609
ShortestPairSort;1000;10412;11527
ShortestPairSort;1000;10688;11794
ShortestPairSort;1000;10498;11603
ShortestPairSort;1000;10449;11549
ShortestPairSort;1000;10432;11548
ShortestPairSort;1000;10491;11596
ShortestPairSort;1000;10421;11507
ShortestPairSort;1000;10497;11595
ShortestPairSort;1000;10389;11503
MergeSort;1000;8748;19952
MergeSort;1000;8719;19952
MergeSort;1000;8711;19952
MergeSort;1000;8709;19952
MergeSort;1000;8687;19952
MergeSort;1000;8716;19952
MergeSort;1000;8713;19952
MergeSort;1000;8687;19952
MergeSort;1000;8734;19952
MergeSort;1000;8714;19952
ShortestPairSort;2000;22775;24962
ShortestPairSort;2000;22812;25039
ShortestPairSort;2000;23060;25263
ShortestPairSort;2000;22975;25162
ShortestPairSort;2000;23012;25201
ShortestPairSort;2000;23194;25363
ShortestPairSort;2000;23048;25295
ShortestPairSort;2000;22888;25092
ShortestPairSort;2000;23105;25269
ShortestPairSort;2000;23113;25317
MergeSort;2000;19459;43904
MergeSort;2000;19412;43904
MergeSort;2000;19428;43904
MergeSort;2000;19378;43904
MergeSort;2000;19451;43904
MergeSort;2000;19429;43904
MergeSort;2000;19416;43904
MergeSort;2000;19423;43904
MergeSort;2000;19417;43904
MergeSort;2000;19426;43904
ShortestPairSort;3000;36394;39685
ShortestPairSort;3000;36369;39695
ShortestPairSort;3000;36451;39745
ShortestPairSort;3000;36596;39893
ShortestPairSort;3000;36575;39921
ShortestPairSort;3000;36686;39999
ShortestPairSort;3000;36488;39743
ShortestPairSort;3000;36487;39757
ShortestPairSort;3000;36622;39887
ShortestPairSort;3000;36268;39572
MergeSort;3000;30890;69808
MergeSort;3000;30948;69808
MergeSort;3000;30955;69808
MergeSort;3000;30958;69808
MergeSort;3000;30933;69808
MergeSort;3000;30870;69808
MergeSort;3000;30881;69808
MergeSort;3000;30878;69808
MergeSort;3000;30946;69808
MergeSort;3000;30944;69808
ShortestPairSort;4000;50193;54553
ShortestPairSort;4000;50246;54595
ShortestPairSort;4000;50102;54530
ShortestPairSort;4000;49973;54386
ShortestPairSort;4000;49911;54351
ShortestPairSort;4000;50010;54441
ShortestPairSort;4000;49997;54461
ShortestPairSort;4000;49754;54101
ShortestPairSort;4000;50211;54621
ShortestPairSort;4000;50016;54456
MergeSort;4000;42768;95808
MergeSort;4000;42831;95808
MergeSort;4000;42785;95808
MergeSort;4000;42760;95808
MergeSort;4000;42863;95808
MergeSort;4000;42807;95808
MergeSort;4000;42885;95808
MergeSort;4000;42851;95808
MergeSort;4000;42829;95808
MergeSort;4000;42823;95808
ShortestPairSort;5000;64509;69981
ShortestPairSort;5000;64175;69656
ShortestPairSort;5000;64410;69889
ShortestPairSort;5000;64405;69887
ShortestPairSort;5000;64434;69932
ShortestPairSort;5000;64468;69927
ShortestPairSort;5000;64542;69990
ShortestPairSort;5000;64309;69825
ShortestPairSort;5000;64144;69652
ShortestPairSort;5000;64254;69755
MergeSort;5000;55277;123616
MergeSort;5000;55192;123616
MergeSort;5000;55235;123616
MergeSort;5000;55210;123616
MergeSort;5000;55192;123616
MergeSort;5000;55191;123616
MergeSort;5000;55336;123616
MergeSort;5000;55236;123616
MergeSort;5000;55236;123616
MergeSort;5000;55235;123616
ShortestPairSort;6000;79003;85557
ShortestPairSort;6000;79043;85693
ShortestPairSort;6000;79005;85516
ShortestPairSort;6000;78827;85396
ShortestPairSort;6000;78838;85466
ShortestPairSort;6000;79392;85958
ShortestPairSort;6000;78799;85332
ShortestPairSort;6000;79056;85669
ShortestPairSort;6000;78639;85176
ShortestPairSort;6000;78810;85429
MergeSort;6000;67890;151616
MergeSort;6000;67812;151616
MergeSort;6000;67840;151616
MergeSort;6000;67872;151616
MergeSort;6000;67890;151616
MergeSort;6000;67845;151616
MergeSort;6000;67771;151616
MergeSort;6000;67757;151616
MergeSort;6000;67878;151616
MergeSort;6000;67761;151616
ShortestPairSort;7000;93320;100986
ShortestPairSort;7000;93315;101061
ShortestPairSort;7000;93282;101014
ShortestPairSort;7000;92838;100516
ShortestPairSort;7000;93347;100955
ShortestPairSort;7000;93071;100726
ShortestPairSort;7000;93124;100790
ShortestPairSort;7000;93470;101136
ShortestPairSort;7000;93309;100966
ShortestPairSort;7000;93324;100988
MergeSort;7000;80782;179616
MergeSort;7000;80646;179616
MergeSort;7000;80638;179616
MergeSort;7000;80613;179616
MergeSort;7000;80702;179616
MergeSort;7000;80644;179616
MergeSort;7000;80676;179616
MergeSort;7000;80717;179616
MergeSort;7000;80649;179616
MergeSort;7000;80721;179616
ShortestPairSort;8000;107785;116608
ShortestPairSort;8000;107934;116708
ShortestPairSort;8000;108408;117248
ShortestPairSort;8000;108146;116930
ShortestPairSort;8000;108107;116923
ShortestPairSort;8000;108336;117119
ShortestPairSort;8000;108215;117060
ShortestPairSort;8000;107966;116689
ShortestPairSort;8000;107675;116478
ShortestPairSort;8000;107800;116549
MergeSort;8000;93690;207616
MergeSort;8000;93689;207616
MergeSort;8000;93692;207616
MergeSort;8000;93615;207616
MergeSort;8000;93647;207616
MergeSort;8000;93688;207616
MergeSort;8000;93644;207616
MergeSort;8000;93611;207616
MergeSort;8000;93656;207616
MergeSort;8000;93591;207616
ShortestPairSort;9000;123412;133297
ShortestPairSort;9000;123184;133013
ShortestPairSort;9000;123176;133035
ShortestPairSort;9000;123467;133255
ShortestPairSort;9000;123385;133310
ShortestPairSort;9000;123531;133419
ShortestPairSort;9000;123186;133064
ShortestPairSort;9000;123665;133610
ShortestPairSort;9000;122950;132843
ShortestPairSort;9000;123324;133302
MergeSort;9000;106993;237232
MergeSort;9000;107043;237232
MergeSort;9000;107038;237232
MergeSort;9000;106911;237232
MergeSort;9000;107022;237232
MergeSort;9000;106981;237232
MergeSort;9000;107067;237232
MergeSort;9000;106924;237232
MergeSort;9000;106983;237232
MergeSort;9000;107015;237232
ShortestPairSort;10000;138590;149528
ShortestPairSort;10000;139088;150170
ShortestPairSort;10000;138815;149784
ShortestPairSort;10000;138596;149704
ShortestPairSort;10000;138610;149598
ShortestPairSort;10000;138767;149595
ShortestPairSort;10000;139077;150169
ShortestPairSort;10000;139367;150319
ShortestPairSort;10000;138331;149206
ShortestPairSort;10000;138677;149681
MergeSort;10000;120467;267232
MergeSort;10000;120591;267232
MergeSort;10000;120516;267232
MergeSort;10000;120468;267232
MergeSort;10000;120343;267232
MergeSort;10000;120540;267232
MergeSort;10000;120488;267232
MergeSort;10000;120467;267232
MergeSort;10000;120460;267232
MergeSort;10000;120490;267232
ShortestPairSort;11000;154542;166709
ShortestPairSort;11000;154483;166519
ShortestPairSort;11000;154471;166643
ShortestPairSort;11000;155130;167231
ShortestPairSort;11000;154355;166520
ShortestPairSort;11000;154486;166572
ShortestPairSort;11000;154668;166695
ShortestPairSort;11000;154518;166743
ShortestPairSort;11000;154448;166498
ShortestPairSort;11000;154675;166896
MergeSort;11000;134007;297232
MergeSort;11000;134170;297232
MergeSort;11000;133980;297232
MergeSort;11000;133896;297232
MergeSort;11000;134037;297232
MergeSort;11000;134095;297232
MergeSort;11000;133965;297232
MergeSort;11000;134065;297232
MergeSort;11000;133949;297232
MergeSort;11000;134005;297232
ShortestPairSort;12000;169519;182644
ShortestPairSort;12000;169811;183048
ShortestPairSort;12000;170191;183362
ShortestPairSort;12000;169969;183280
ShortestPairSort;12000;169695;182786
ShortestPairSort;12000;170218;183234
ShortestPairSort;12000;169606;182817
ShortestPairSort;12000;170256;183450
ShortestPairSort;12000;169875;183017
ShortestPairSort;12000;170213;183399
MergeSort;12000;147667;327232
MergeSort;12000;147678;327232
MergeSort;12000;147646;327232
MergeSort;12000;147635;327232
MergeSort;12000;147595;327232
MergeSort;12000;147759;327232
MergeSort;12000;147658;327232
MergeSort;12000;147605;327232
MergeSort;12000;147740;327232
MergeSort;12000;147770;327232
ShortestPairSort;13000;185354;199457
ShortestPairSort;13000;186126;200344
ShortestPairSort;13000;185252;199527
ShortestPairSort;13000;185280;199490
ShortestPairSort;13000;185897;200192
ShortestPairSort;13000;185144;199441
ShortestPairSort;13000;186021;200328
ShortestPairSort;13000;185836;200064
ShortestPairSort;13000;185639;199924
ShortestPairSort;13000;185786;200050
MergeSort;13000;161433;357232
MergeSort;13000;161507;357232
MergeSort;13000;161498;357232
MergeSort;13000;161435;357232
MergeSort;13000;161428;357232
MergeSort;13000;161444;357232
MergeSort;13000;161567;357232
MergeSort;13000;161477;357232
MergeSort;13000;161353;357232
MergeSort;13000;161435;357232
ShortestPairSort;14000;200869;216114
ShortestPairSort;14000;200689;215931
ShortestPairSort;14000;200592;215977
ShortestPairSort;14000;200998;216312
ShortestPairSort;14000;201244;216681
ShortestPairSort;14000;201369;216744
ShortestPairSort;14000;201420;216795
ShortestPairSort;14000;201128;216514
ShortestPairSort;14000;201265;216727
ShortestPairSort;14000;200761;216278
MergeSort;14000;175349;387232
MergeSort;14000;175483;387232
MergeSort;14000;175340;387232
MergeSort;14000;175504;387232
MergeSort;14000;175420;387232
MergeSort;14000;175322;387232
MergeSort;14000;175381;387232
MergeSort;14000;175350;387232
MergeSort;14000;175212;387232
MergeSort;14000;175373;387232
ShortestPairSort;15000;216533;233027
ShortestPairSort;15000;216055;232525
ShortestPairSort;15000;216799;233242
ShortestPairSort;15000;216825;233295
ShortestPairSort;15000;217207;233779
ShortestPairSort;15000;217372;233942
ShortestPairSort;15000;216711;233217
ShortestPairSort;15000;216764;233321
ShortestPairSort;15000;216359;232886
MergeSort;15000;189229;417232
MergeSort;15000;189349;417232
MergeSort;15000;189298;417232
MergeSort;15000;189337;417232
MergeSort;15000;189273;417232
MergeSort;15000;189200;417232
MergeSort;15000;189329;417232
MergeSort;15000;189390;417232
MergeSort;15000;189131;417232
MergeSort;15000;189357;417232
ShortestPairSort;16000;232294;249697
ShortestPairSort;16000;231795;249366
ShortestPairSort;16000;232059;249677
ShortestPairSort;16000;232932;250440
ShortestPairSort;16000;231965;249471
ShortestPairSort;16000;232728;250349
ShortestPairSort;16000;231433;249020
ShortestPairSort;16000;231848;249448
ShortestPairSort;16000;232031;249619
ShortestPairSort;16000;232345;249863
MergeSort;16000;203367;447232
MergeSort;16000;203276;447232
MergeSort;16000;203364;447232
MergeSort;16000;203260;447232
MergeSort;16000;203395;447232
MergeSort;16000;203215;447232
MergeSort;16000;203253;447232
MergeSort;16000;203306;447232
MergeSort;16000;203324;447232
MergeSort;16000;203300;447232
ShortestPairSort;17000;248350;267007
ShortestPairSort;17000;247975;266688
ShortestPairSort;17000;247748;266560
ShortestPairSort;17000;248030;266632
ShortestPairSort;17000;247745;266336
ShortestPairSort;17000;248171;266860
ShortestPairSort;17000;248484;267145
ShortestPairSort;17000;247842;266452
ShortestPairSort;17000;247565;266161
ShortestPairSort;17000;248128;266895
MergeSort;17000;217374;478464
MergeSort;17000;217584;478464
MergeSort;17000;217476;478464
MergeSort;17000;217583;478464
MergeSort;17000;217618;478464
MergeSort;17000;217441;478464
MergeSort;17000;217480;478464
MergeSort;17000;217598;478464
MergeSort;17000;217589;478464
MergeSort;17000;217510;478464
ShortestPairSort;18000;265116;284828
ShortestPairSort;18000;264509;284387
ShortestPairSort;18000;264766;284454
ShortestPairSort;18000;265231;284988
ShortestPairSort;18000;264907;284633
ShortestPairSort;18000;264603;284444
ShortestPairSort;18000;264279;284152
ShortestPairSort;18000;264371;284102
ShortestPairSort;18000;264600;284507
ShortestPairSort;18000;265115;284864
MergeSort;18000;231958;510464
MergeSort;18000;231873;510464
MergeSort;18000;231983;510464
MergeSort;18000;232102;510464
MergeSort;18000;231927;510464
MergeSort;18000;231986;510464
MergeSort;18000;232000;510464
MergeSort;18000;231987;510464
MergeSort;18000;231904;510464
MergeSort;18000;232012;510464
ShortestPairSort;19000;281050;301733
ShortestPairSort;19000;281647;302516
ShortestPairSort;19000;281144;302133
ShortestPairSort;19000;280959;301768
ShortestPairSort;19000;281068;302016
ShortestPairSort;19000;281390;302247
ShortestPairSort;19000;281145;302123
ShortestPairSort;19000;280582;301363
ShortestPairSort;19000;281712;302549
ShortestPairSort;19000;281110;301991
MergeSort;19000;246430;542464
MergeSort;19000;246312;542464
MergeSort;19000;246394;542464
MergeSort;19000;246385;542464
MergeSort;19000;246451;542464
MergeSort;19000;246557;542464
MergeSort;19000;246478;542464
MergeSort;19000;246373;542464
MergeSort;19000;246347;542464
MergeSort;19000;246462;542464
ShortestPairSort;20000;297908;319831
ShortestPairSort;20000;297641;319773
ShortestPairSort;20000;297870;319842
ShortestPairSort;20000;297286;319290
ShortestPairSort;20000;297984;319901
ShortestPairSort;20000;297607;319464
ShortestPairSort;20000;298125;320055
ShortestPairSort;20000;297110;319298
ShortestPairSort;20000;298003;319959
ShortestPairSort;20000;297702;319740
MergeSort;20000;260935;574464
MergeSort;20000;260958;574464
MergeSort;20000;260890;574464
MergeSort;20000;260804;574464
MergeSort;20000;260901;574464
MergeSort;20000;260976;574464
MergeSort;20000;260913;574464
MergeSort;20000;260755;574464
MergeSort;20000;260813;574464
MergeSort;20000;260858;574464
ShortestPairSort;21000;314347;337545
ShortestPairSort;21000;314253;337157
ShortestPairSort;21000;313980;337102
ShortestPairSort;21000;314346;337498
ShortestPairSort;21000;314103;337147
ShortestPairSort;21000;313953;336990
ShortestPairSort;21000;314586;337727
ShortestPairSort;21000;314537;337628
ShortestPairSort;21000;313894;336961
ShortestPairSort;21000;314231;337303
MergeSort;21000;275448;606464
MergeSort;21000;275235;606464
MergeSort;21000;275196;606464
MergeSort;21000;275411;606464
MergeSort;21000;275575;606464
MergeSort;21000;275469;606464
MergeSort;21000;275351;606464
MergeSort;21000;275486;606464
MergeSort;21000;275638;606464
MergeSort;21000;275434;606464
ShortestPairSort;22000;330766;355097
ShortestPairSort;22000;331002;355414
ShortestPairSort;22000;330575;354648
ShortestPairSort;22000;330098;354312
ShortestPairSort;22000;330779;355000
ShortestPairSort;22000;331189;355262
ShortestPairSort;22000;330744;354897
ShortestPairSort;22000;330459;354727
ShortestPairSort;22000;330416;354654
ShortestPairSort;22000;331194;355463
MergeSort;22000;290107;638464
MergeSort;22000;290049;638464
MergeSort;22000;290024;638464
MergeSort;22000;290119;638464
